target,commands,registry_line,frontend_literal_references,status,note
panel,"[""switch""]",30,"[""web/app/static/js/brachybot-ui-api.js:299"", ""web/app/static/js/brachybot-ui-api.js:428"", ""web/app/static/js/brachybot-ui-api.js:579"", ""web/app/static/js/brachybot-ui-api.js:662"", ""web/app/static/js/brachybot-ui-api.js:872"", ""web/app/static/js/brachybot-ui-api.js:934"", ""web/app/static/js/brachybot-ui-api.js:7647"", ""web/app/static/js/brachybot-viewer-volume.js:25"", ""web/app/static/js/brachybot-viewer-volume.js:28"", ""web/app/static/js/brachybot-viewer-volume.js:30"", ""web/app/static/js/brachybot-workspace.js:1472"", ""web/app/static/js/brachybot-workspace.js:1603"", ""web/app/static/js/brachybot-workspace.js:1668""]",registered; end-to-end parity not certified,"Literal references are navigation candidates, not proof of execution. Missing references may use generic dispatch."
viewer.window,"[""set"", ""increase"", ""decrease""]",36,"[""web/app/static/js/brachybot-ui-api.js:7706""]",registered; end-to-end parity not certified,"Literal references are navigation candidates, not proof of execution. Missing references may use generic dispatch."
viewer.level,"[""set"", ""increase"", ""decrease""]",42,"[""web/app/static/js/brachybot-ui-api.js:7718""]",registered; end-to-end parity not certified,"Literal references are navigation candidates, not proof of execution. Missing references may use generic dispatch."
viewer.zoom,"[""set"", ""increase"", ""decrease"", ""fit""]",48,"[""web/app/static/js/brachybot-ui-api.js:667"", ""web/app/static/js/brachybot-ui-api.js:7730"", ""web/app/static/js/brachybot-viewer-layout.js:78""]",registered; end-to-end parity not certified,"Literal references are navigation candidates, not proof of execution. Missing references may use generic dispatch."
viewer.threshold,"[""set""]",65,"[""web/app/static/js/brachybot-ui-api.js:691"", ""web/app/static/js/brachybot-ui-api.js:7759""]",registered; end-to-end parity not certified,"Literal references are navigation candidates, not proof of execution. Missing references may use generic dispatch."
viewer.fullscreen,"[""toggle""]",71,"[""web/app/static/js/brachybot-ui-api.js:654"", ""web/app/static/js/brachybot-ui-api.js:6603"", ""web/app/static/js/brachybot-ui-api.js:7767""]",registered; end-to-end parity not certified,"Literal references are navigation candidates, not proof of execution. Missing references may use generic dispatch."
viewer.reset,"[""run""]",81,"[""web/app/static/js/brachybot-ui-api.js:688"", ""web/app/static/js/brachybot-ui-api.js:7773""]",registered; end-to-end parity not certified,"Literal references are navigation candidates, not proof of execution. Missing references may use generic dispatch."
viewer.fit_all,"[""run""]",85,"[""web/app/static/js/brachybot-ui-api.js:656"", ""web/app/static/js/brachybot-ui-api.js:689"", ""web/app/static/js/brachybot-ui-api.js:7778""]",registered; end-to-end parity not certified,"Literal references are navigation candidates, not proof of execution. Missing references may use generic dispatch."
viewer.refresh_planning,"[""run""]",89,"[""web/app/static/js/brachybot-ui-api.js:7657""]",registered; end-to-end parity not certified,"Literal references are navigation candidates, not proof of execution. Missing references may use generic dispatch."
viewer.reconstruct3d,"[""run""]",98,"[""web/app/static/js/brachybot-ui-api.js:657"", ""web/app/static/js/brachybot-ui-api.js:7686"", ""web/app/static/js/brachybot-ui-api.js:9513"", ""web/app/static/js/brachybot-visual-annotation.js:312""]",registered; end-to-end parity not certified,"Literal references are navigation candidates, not proof of execution. Missing references may use generic dispatch."
viewer.preset,"[""set""]",106,"[""web/app/static/js/brachybot-ui-api.js:690"", ""web/app/static/js/brachybot-ui-api.js:7783""]",registered; end-to-end parity not certified,"Literal references are navigation candidates, not proof of execution. Missing references may use generic dispatch."
viewer.transform,"[""flip_h"", ""flip_v"", ""rotate"", ""undo"", ""redo"", ""fit"", ""reset""]",111,"[""web/app/static/js/brachybot-ui-api.js:676"", ""web/app/static/js/brachybot-ui-api.js:677"", ""web/app/static/js/brachybot-ui-api.js:678"", ""web/app/static/js/brachybot-ui-api.js:679"", ""web/app/static/js/brachybot-ui-api.js:680"", ""web/app/static/js/brachybot-ui-api.js:7833""]",registered; end-to-end parity not certified,"Literal references are navigation candidates, not proof of execution. Missing references may use generic dispatch."
viewer.tool,"[""set""]",115,"[""web/app/static/js/brachybot-ui-api.js:664"", ""web/app/static/js/brachybot-ui-api.js:675"", ""web/app/static/js/brachybot-ui-api.js:7851"", ""web/app/static/js/brachybot-viewer-layout.js:505"", ""web/app/static/js/brachybot-viewer-layout.js:564""]",registered; end-to-end parity not certified,"Literal references are navigation candidates, not proof of execution. Missing references may use generic dispatch."
mask.create,"[""run""]",123,"[""web/app/static/js/brachybot-ui-api.js:7857""]",registered; end-to-end parity not certified,"Literal references are navigation candidates, not proof of execution. Missing references may use generic dispatch."
mask.finalize,"[""run""]",127,"[""web/app/static/js/brachybot-ui-api.js:7862""]",registered; end-to-end parity not certified,"Literal references are navigation candidates, not proof of execution. Missing references may use generic dispatch."
mask.threshold,"[""set""]",131,"[""web/app/static/js/brachybot-ui-api.js:7868""]",registered; end-to-end parity not certified,"Literal references are navigation candidates, not proof of execution. Missing references may use generic dispatch."
mask.rename,"[""set""]",137,"[""web/app/static/js/brachybot-ui-api.js:7876"", ""web/app/static/js/brachybot-viewer-volume.js:8946""]",registered; end-to-end parity not certified,"Literal references are navigation candidates, not proof of execution. Missing references may use generic dispatch."
mask.move,"[""set""]",142,"[""web/app/static/js/brachybot-ui-api.js:7886"", ""web/app/static/js/brachybot-viewer-volume.js:9323""]",registered; end-to-end parity not certified,"Literal references are navigation candidates, not proof of execution. Missing references may use generic dispatch."
mask.delete,"[""run""]",152,"[""web/app/static/js/brachybot-ui-api.js:7899""]",registered; end-to-end parity not certified,"Literal references are navigation candidates, not proof of execution. Missing references may use generic dispatch."
viewer.colorbar,"[""set"", ""reset""]",157,"[""web/app/static/js/brachybot-ui-api.js:686"", ""web/app/static/js/brachybot-ui-api.js:687"", ""web/app/static/js/brachybot-ui-api.js:7908""]",registered; end-to-end parity not certified,"Literal references are navigation candidates, not proof of execution. Missing references may use generic dispatch."
viewer.dose_scale,"[""set""]",162,"[""web/app/static/js/brachybot-ui-api.js:7908""]",registered; end-to-end parity not certified,"Literal references are navigation candidates, not proof of execution. Missing references may use generic dispatch."
overlay.ctv,"[""show"", ""hide"", ""toggle""]",168,"[""web/app/static/js/brachybot-ui-api.js:7792""]",registered; end-to-end parity not certified,"Literal references are navigation candidates, not proof of execution. Missing references may use generic dispatch."
overlay.oar,"[""show"", ""hide"", ""toggle""]",172,"[""web/app/static/js/brachybot-ui-api.js:7800""]",registered; end-to-end parity not certified,"Literal references are navigation candidates, not proof of execution. Missing references may use generic dispatch."
overlay.ctv.opacity,"[""set"", ""increase"", ""decrease""]",176,"[""web/app/static/js/brachybot-ui-api.js:7813""]",registered; end-to-end parity not certified,"Literal references are navigation candidates, not proof of execution. Missing references may use generic dispatch."
overlay.oar.opacity,"[""set"", ""increase"", ""decrease""]",182,"[""web/app/static/js/brachybot-ui-api.js:7813""]",registered; end-to-end parity not certified,"Literal references are navigation candidates, not proof of execution. Missing references may use generic dispatch."
overlay.dose.opacity,"[""set"", ""increase"", ""decrease""]",188,"[""web/app/static/js/brachybot-ui-api.js:671"", ""web/app/static/js/brachybot-ui-api.js:7808""]",registered; end-to-end parity not certified,"Literal references are navigation candidates, not proof of execution. Missing references may use generic dispatch."
overlay.display_mode,"[""set""]",194,"[""web/app/static/js/brachybot-ui-api.js:674"", ""web/app/static/js/brachybot-ui-api.js:7819""]",registered; end-to-end parity not certified,"Literal references are navigation candidates, not proof of execution. Missing references may use generic dispatch."
slice.axial,"[""set"", ""next"", ""prev"", ""first"", ""last""]",200,[],registered; end-to-end parity not certified,"Literal references are navigation candidates, not proof of execution. Missing references may use generic dispatch."
slice.sagittal,"[""set"", ""next"", ""prev"", ""first"", ""last""]",205,[],registered; end-to-end parity not certified,"Literal references are navigation candidates, not proof of execution. Missing references may use generic dispatch."
slice.coronal,"[""set"", ""next"", ""prev"", ""first"", ""last""]",210,[],registered; end-to-end parity not certified,"Literal references are navigation candidates, not proof of execution. Missing references may use generic dispatch."
viewer.dose_peak,"[""run""]",215,"[""web/app/static/js/brachybot-ui-api.js:7186"", ""web/app/static/js/brachybot-ui-api.js:7827""]",registered; end-to-end parity not certified,"Literal references are navigation candidates, not proof of execution. Missing references may use generic dispatch."
layout,"[""set""]",220,"[""web/app/static/js/brachybot-ui-api.js:618"", ""web/app/static/js/brachybot-ui-api.js:654"", ""web/app/static/js/brachybot-ui-api.js:655"", ""web/app/static/js/brachybot-ui-api.js:656"", ""web/app/static/js/brachybot-ui-api.js:658"", ""web/app/static/js/brachybot-ui-api.js:660"", ""web/app/static/js/brachybot-ui-api.js:674"", ""web/app/static/js/brachybot-ui-api.js:676"", ""web/app/static/js/brachybot-ui-api.js:677"", ""web/app/static/js/brachybot-ui-api.js:678"", ""web/app/static/js/brachybot-ui-api.js:679"", ""web/app/static/js/brachybot-ui-api.js:680"", ""web/app/static/js/brachybot-ui-api.js:684"", ""web/app/static/js/brachybot-ui-api.js:685"", ""web/app/static/js/brachybot-ui-api.js:688"", ""web/app/static/js/brachybot-ui-api.js:689"", ""web/app/static/js/brachybot-ui-api.js:872"", ""web/app/static/js/brachybot-ui-api.js:933"", ""web/app/static/js/brachybot-ui-api.js:7955""]",registered; end-to-end parity not certified,"Literal references are navigation candidates, not proof of execution. Missing references may use generic dispatch."
data_tree,"[""expand"", ""collapse"", ""toggle"", ""expand_all"", ""collapse_all""]",226,"[""web/app/static/js/brachybot-ui-api.js:1143"", ""web/app/static/js/brachybot-ui-api.js:7961"", ""web/app/static/js/brachybot-ui-api.js:11034"", ""web/app/static/js/brachybot-ui-api.js:11089""]",registered; end-to-end parity not certified,"Literal references are navigation candidates, not proof of execution. Missing references may use generic dispatch."
tree.visibility,"[""set""]",236,"[""web/app/static/js/brachybot-chat-todo.js:2051"", ""web/app/static/js/brachybot-chat-todo.js:2057"", ""web/app/static/js/brachybot-ui-api.js:640"", ""web/app/static/js/brachybot-ui-api.js:997"", ""web/app/static/js/brachybot-ui-api.js:7988""]",registered; end-to-end parity not certified,"Literal references are navigation candidates, not proof of execution. Missing references may use generic dispatch."
tree.opacity,"[""set""]",241,"[""web/app/static/js/brachybot-ui-api.js:646"", ""web/app/static/js/brachybot-ui-api.js:998"", ""web/app/static/js/brachybot-ui-api.js:8007""]",registered; end-to-end parity not certified,"Literal references are navigation candidates, not proof of execution. Missing references may use generic dispatch."
tree.reconstruct3d,"[""run""]",246,"[""web/app/static/js/brachybot-ui-api.js:1001"", ""web/app/static/js/brachybot-ui-api.js:8018""]",registered; end-to-end parity not certified,"Literal references are navigation candidates, not proof of execution. Missing references may use generic dispatch."
tree.group.visibility,"[""set"", ""toggle""]",251,"[""web/app/static/js/brachybot-ui-api.js:628"", ""web/app/static/js/brachybot-ui-api.js:1146"", ""web/app/static/js/brachybot-ui-api.js:8025""]",registered; end-to-end parity not certified,"Literal references are navigation candidates, not proof of execution. Missing references may use generic dispatch."
tree.group.opacity,"[""set""]",256,"[""web/app/static/js/brachybot-ui-api.js:622"", ""web/app/static/js/brachybot-ui-api.js:1161"", ""web/app/static/js/brachybot-ui-api.js:8059""]",registered; end-to-end parity not certified,"Literal references are navigation candidates, not proof of execution. Missing references may use generic dispatch."
tree.group.reconstruct3d,"[""run""]",261,"[""web/app/static/js/brachybot-ui-api.js:8069""]",registered; end-to-end parity not certified,"Literal references are navigation candidates, not proof of execution. Missing references may use generic dispatch."
tree.dose.visibility,"[""toggle""]",266,"[""web/app/static/js/brachybot-ui-api.js:8129""]",registered; end-to-end parity not certified,"Literal references are navigation candidates, not proof of execution. Missing references may use generic dispatch."
tree.trajectories.visibility,"[""toggle""]",271,"[""web/app/static/js/brachybot-ui-api.js:8135""]",registered; end-to-end parity not certified,"Literal references are navigation candidates, not proof of execution. Missing references may use generic dispatch."
tree.seeds.visibility,"[""toggle""]",276,"[""web/app/static/js/brachybot-ui-api.js:8140""]",registered; end-to-end parity not certified,"Literal references are navigation candidates, not proof of execution. Missing references may use generic dispatch."
tree.needles.visibility,"[""toggle""]",281,"[""web/app/static/js/brachybot-ui-api.js:8145""]",registered; end-to-end parity not certified,"Literal references are navigation candidates, not proof of execution. Missing references may use generic dispatch."
tree.isosurfaces.visibility,"[""toggle""]",286,"[""web/app/static/js/brachybot-ui-api.js:8150""]",registered; end-to-end parity not certified,"Literal references are navigation candidates, not proof of execution. Missing references may use generic dispatch."
session.new,"[""run""]",292,"[""web/app/static/js/brachybot-ui-api.js:576"", ""web/app/static/js/brachybot-ui-api.js:8156""]",registered; end-to-end parity not certified,"Literal references are navigation candidates, not proof of execution. Missing references may use generic dispatch."
session.switch,"[""run""]",296,"[""web/app/static/js/brachybot-ui-api.js:8157""]",registered; end-to-end parity not certified,"Literal references are navigation candidates, not proof of execution. Missing references may use generic dispatch."
session.rename,"[""set""]",301,"[""web/app/static/js/brachybot-ui-api.js:8158""]",registered; end-to-end parity not certified,"Literal references are navigation candidates, not proof of execution. Missing references may use generic dispatch."
session.delete,"[""run""]",306,"[""web/app/static/js/brachybot-ui-api.js:7073"", ""web/app/static/js/brachybot-ui-api.js:8183""]",registered; end-to-end parity not certified,"Literal references are navigation candidates, not proof of execution. Missing references may use generic dispatch."
session.clear_all,"[""run""]",312,"[""web/app/static/js/brachybot-ui-api.js:581"", ""web/app/static/js/brachybot-ui-api.js:7074"", ""web/app/static/js/brachybot-ui-api.js:8184""]",registered; end-to-end parity not certified,"Literal references are navigation candidates, not proof of execution. Missing references may use generic dispatch."
browser_cache.clear,"[""run""]",319,"[""web/app/static/js/brachybot-ui-api.js:7075"", ""web/app/static/js/brachybot-ui-api.js:8184""]",registered; end-to-end parity not certified,"Literal references are navigation candidates, not proof of execution. Missing references may use generic dispatch."
input.ct.browse,"[""run""]",328,"[""web/app/static/js/brachybot-ui-api.js:8193""]",registered; end-to-end parity not certified,"Literal references are navigation candidates, not proof of execution. Missing references may use generic dispatch."
input.ctv.browse,"[""run""]",332,"[""web/app/static/js/brachybot-ui-api.js:8194""]",registered; end-to-end parity not certified,"Literal references are navigation candidates, not proof of execution. Missing references may use generic dispatch."
input.oar.browse,"[""run""]",336,"[""web/app/static/js/brachybot-ui-api.js:8195""]",registered; end-to-end parity not certified,"Literal references are navigation candidates, not proof of execution. Missing references may use generic dispatch."
input.dicom_rt.browse,"[""run""]",340,"[""web/app/static/js/brachybot-ui-api.js:8196""]",registered; end-to-end parity not certified,"Literal references are navigation candidates, not proof of execution. Missing references may use generic dispatch."
plan.run,"[""run""]",345,"[""web/app/static/js/brachybot-ui-api.js:583"", ""web/app/static/js/brachybot-ui-api.js:8204""]",registered; end-to-end parity not certified,"Literal references are navigation candidates, not proof of execution. Missing references may use generic dispatch."
plan.run_manual_step,"[""run""]",349,"[""web/app/static/js/brachybot-ui-api.js:586"", ""web/app/static/js/brachybot-ui-api.js:588"", ""web/app/static/js/brachybot-ui-api.js:8208""]",registered; end-to-end parity not certified,"Literal references are navigation candidates, not proof of execution. Missing references may use generic dispatch."
plan.reset,"[""run""]",357,"[""web/app/static/js/brachybot-ui-api.js:584"", ""web/app/static/js/brachybot-ui-api.js:7076"", ""web/app/static/js/brachybot-ui-api.js:8218""]",registered; end-to-end parity not certified,"Literal references are navigation candidates, not proof of execution. Missing references may use generic dispatch."
ui.state,"[""sync"", ""inspect""]",362,"[""web/app/static/js/brachybot-ui-api.js:8222""]",registered; end-to-end parity not certified,"Literal references are navigation candidates, not proof of execution. Missing references may use generic dispatch."
ui.catalog,"[""inspect""]",366,"[""web/app/static/js/brachybot-ui-api.js:8230""]",registered; end-to-end parity not certified,"Literal references are navigation candidates, not proof of execution. Missing references may use generic dispatch."
ui.control,"[""click"", ""set"", ""toggle"", ""increase"", ""decrease"", ""increment"", ""decrement"", ""select"", ""contextmenu"", ""focus"", ""blur"", ""keypress"", ""keydown"", ""keyup"", ""submit"", ""scroll"", ""wheel"", ""doubleclick"", ""dblclick"", ""rightclick"", ""hover"", ""drag"", ""pointerdown"", ""pointermove"", ""pointerup"", ""mousedown"", ""mousemove"", ""pointerover"", ""pointerout"", ""pointercancel"", ""pointerenter"", ""pointerleave"", ""mouseup"", ""mouseover"", ""mouseout"", ""mouseenter"", ""mouseleave"", ""click_once"", ""input"", ""change"", ""run"", ""reset"", ""expand"", ""collapse"", ""next"", ""prev"", ""first"", ""last""]",370,"[""web/app/static/js/brachybot-ui-api.js:578"", ""web/app/static/js/brachybot-ui-api.js:579"", ""web/app/static/js/brachybot-ui-api.js:590"", ""web/app/static/js/brachybot-ui-api.js:597"", ""web/app/static/js/brachybot-ui-api.js:598"", ""web/app/static/js/brachybot-ui-api.js:599"", ""web/app/static/js/brachybot-ui-api.js:600"", ""web/app/static/js/brachybot-ui-api.js:619"", ""web/app/static/js/brachybot-ui-api.js:651"", ""web/app/static/js/brachybot-ui-api.js:668"", ""web/app/static/js/brachybot-ui-api.js:673"", ""web/app/static/js/brachybot-ui-api.js:684"", ""web/app/static/js/brachybot-ui-api.js:685"", ""web/app/static/js/brachybot-ui-api.js:692"", ""web/app/static/js/brachybot-ui-api.js:693"", ""web/app/static/js/brachybot-ui-api.js:694"", ""web/app/static/js/brachybot-ui-api.js:695"", ""web/app/static/js/brachybot-ui-api.js:696"", ""web/app/static/js/brachybot-ui-api.js:697"", ""web/app/static/js/brachybot-ui-api.js:698"", ""web/app/static/js/brachybot-ui-api.js:699"", ""web/app/static/js/brachybot-ui-api.js:700"", ""web/app/static/js/brachybot-ui-api.js:701"", ""web/app/static/js/brachybot-ui-api.js:702"", ""web/app/static/js/brachybot-ui-api.js:703"", ""web/app/static/js/brachybot-ui-api.js:704"", ""web/app/static/js/brachybot-ui-api.js:705"", ""web/app/static/js/brachybot-ui-api.js:710"", ""web/app/static/js/brachybot-ui-api.js:713"", ""web/app/static/js/brachybot-ui-api.js:717"", ""web/app/static/js/brachybot-ui-api.js:724"", ""web/app/static/js/brachybot-ui-api.js:728"", ""web/app/static/js/brachybot-ui-api.js:743"", ""web/app/static/js/brachybot-ui-api.js:768"", ""web/app/static/js/brachybot-ui-api.js:2638"", ""web/app/static/js/brachybot-ui-api.js:3057"", ""web/app/static/js/brachybot-ui-api.js:7109"", ""web/app/static/js/brachybot-ui-api.js:7643""]",registered; end-to-end parity not certified,"Literal references are navigation candidates, not proof of execution. Missing references may use generic dispatch."
ui.context_action,"[""run""]",394,"[""web/app/static/js/brachybot-ui-api.js:1005"", ""web/app/static/js/brachybot-ui-api.js:1008"", ""web/app/static/js/brachybot-ui-api.js:1009"", ""web/app/static/js/brachybot-ui-api.js:1010"", ""web/app/static/js/brachybot-ui-api.js:1018"", ""web/app/static/js/brachybot-ui-api.js:1033"", ""web/app/static/js/brachybot-ui-api.js:1054"", ""web/app/static/js/brachybot-ui-api.js:1056"", ""web/app/static/js/brachybot-ui-api.js:1148"", ""web/app/static/js/brachybot-ui-api.js:1149"", ""web/app/static/js/brachybot-ui-api.js:1150"", ""web/app/static/js/brachybot-ui-api.js:1151"", ""web/app/static/js/brachybot-ui-api.js:1152"", ""web/app/static/js/brachybot-ui-api.js:1153"", ""web/app/static/js/brachybot-ui-api.js:1164"", ""web/app/static/js/brachybot-ui-api.js:1167"", ""web/app/static/js/brachybot-ui-api.js:1170"", ""web/app/static/js/brachybot-ui-api.js:1172"", ""web/app/static/js/brachybot-ui-api.js:1175"", ""web/app/static/js/brachybot-ui-api.js:1178"", ""web/app/static/js/brachybot-ui-api.js:1179"", ""web/app/static/js/brachybot-ui-api.js:1182"", ""web/app/static/js/brachybot-ui-api.js:1185"", ""web/app/static/js/brachybot-ui-api.js:1188"", ""web/app/static/js/brachybot-ui-api.js:1195"", ""web/app/static/js/brachybot-ui-api.js:1221"", ""web/app/static/js/brachybot-ui-api.js:7218"", ""web/app/static/js/brachybot-ui-api.js:7640""]",registered; end-to-end parity not certified,"Literal references are navigation candidates, not proof of execution. Missing references may use generic dispatch."
tree.group.view_visibility,"[""set"", ""toggle""]",405,"[""web/app/static/js/brachybot-ui-api.js:634"", ""web/app/static/js/brachybot-ui-api.js:8040""]",registered; end-to-end parity not certified,"Literal references are navigation candidates, not proof of execution. Missing references may use generic dispatch."
training.mode,"[""start"", ""stop"", ""status"", ""advice""]",413,"[""web/app/static/js/brachybot-ui-api.js:591"", ""web/app/static/js/brachybot-ui-api.js:592"", ""web/app/static/js/brachybot-ui-api.js:8361""]",registered; end-to-end parity not certified,"Literal references are navigation candidates, not proof of execution. Missing references may use generic dispatch."
manual.needle.create,"[""run""]",418,"[""web/app/static/js/brachybot-ui-api.js:593"", ""web/app/static/js/brachybot-ui-api.js:8379""]",registered; end-to-end parity not certified,"Literal references are navigation candidates, not proof of execution. Missing references may use generic dispatch."
manual.needle.endpoint,"[""set""]",422,"[""web/app/static/js/brachybot-ui-api.js:8382""]",registered; end-to-end parity not certified,"Literal references are navigation candidates, not proof of execution. Missing references may use generic dispatch."
manual.seed.add,"[""run""]",427,"[""web/app/static/js/brachybot-3d-manual.js:1151"", ""web/app/static/js/brachybot-ui-api.js:594"", ""web/app/static/js/brachybot-ui-api.js:8388""]",registered; end-to-end parity not certified,"Literal references are navigation candidates, not proof of execution. Missing references may use generic dispatch."
manual.seed.position,"[""set""]",431,"[""web/app/static/js/brachybot-3d-manual.js:1943"", ""web/app/static/js/brachybot-ui-api.js:8391""]",registered; end-to-end parity not certified,"Literal references are navigation candidates, not proof of execution. Missing references may use generic dispatch."
manual.dose.recompute,"[""run""]",436,"[""web/app/static/js/brachybot-ui-api.js:595"", ""web/app/static/js/brachybot-ui-api.js:8397""]",registered; end-to-end parity not certified,"Literal references are navigation candidates, not proof of execution. Missing references may use generic dispatch."
manual.plan.replan,"[""run""]",441,"[""web/app/static/js/brachybot-ui-api.js:596"", ""web/app/static/js/brachybot-ui-api.js:8400""]",registered; end-to-end parity not certified,"Literal references are navigation candidates, not proof of execution. Missing references may use generic dispatch."
manual.plan.finish,"[""run""]",445,"[""web/app/static/js/brachybot-ui-api.js:8403""]",registered; end-to-end parity not certified,"Literal references are navigation candidates, not proof of execution. Missing references may use generic dispatch."
system.readiness,"[""check""]",449,"[""web/app/static/js/brachybot-3d-manual.js:2900"", ""web/app/static/js/brachybot-ui-api.js:8406""]",registered; end-to-end parity not certified,"Literal references are navigation candidates, not proof of execution. Missing references may use generic dispatch."
report.autofill,"[""run""]",454,"[""web/app/static/js/brachybot-chat-core.js:2678"", ""web/app/static/js/brachybot-chat-todo.js:2090"", ""web/app/static/js/brachybot-chat-todo.js:4632"", ""web/app/static/js/brachybot-chat-todo.js:4673"", ""web/app/static/js/brachybot-ui-api.js:607"", ""web/app/static/js/brachybot-ui-api.js:8411""]",registered; end-to-end parity not certified,"Literal references are navigation candidates, not proof of execution. Missing references may use generic dispatch."
report.export,"[""run""]",458,"[""web/app/static/js/brachybot-ui-api.js:601"", ""web/app/static/js/brachybot-ui-api.js:604"", ""web/app/static/js/brachybot-ui-api.js:8489""]",registered; end-to-end parity not certified,"Literal references are navigation candidates, not proof of execution. Missing references may use generic dispatch."
report.import,"[""run""]",463,"[""web/app/static/js/brachybot-ui-api.js:606"", ""web/app/static/js/brachybot-ui-api.js:8496""]",registered; end-to-end parity not certified,"Literal references are navigation candidates, not proof of execution. Missing references may use generic dispatch."
report.snapshot.save,"[""run""]",467,"[""web/app/static/js/brachybot-ui-api.js:608"", ""web/app/static/js/brachybot-ui-api.js:8500""]",registered; end-to-end parity not certified,"Literal references are navigation candidates, not proof of execution. Missing references may use generic dispatch."
report.snapshot.open,"[""run""]",471,"[""web/app/static/js/brachybot-ui-api.js:609"", ""web/app/static/js/brachybot-ui-api.js:8507""]",registered; end-to-end parity not certified,"Literal references are navigation candidates, not proof of execution. Missing references may use generic dispatch."
report.audit.open,"[""run""]",475,"[""web/app/static/js/brachybot-ui-api.js:610"", ""web/app/static/js/brachybot-ui-api.js:8514""]",registered; end-to-end parity not certified,"Literal references are navigation candidates, not proof of execution. Missing references may use generic dispatch."
report.review.open,"[""run""]",479,"[""web/app/static/js/brachybot-ui-api.js:611"", ""web/app/static/js/brachybot-ui-api.js:8521""]",registered; end-to-end parity not certified,"Literal references are navigation candidates, not proof of execution. Missing references may use generic dispatch."
report.validation.open,"[""run""]",483,"[""web/app/static/js/brachybot-ui-api.js:612"", ""web/app/static/js/brachybot-ui-api.js:8528""]",registered; end-to-end parity not certified,"Literal references are navigation candidates, not proof of execution. Missing references may use generic dispatch."
report.preview.zoom,"[""set"", ""increase"", ""decrease"", ""reset""]",487,"[""web/app/static/js/brachybot-report-shell.js:378"", ""web/app/static/js/brachybot-ui-api.js:613"", ""web/app/static/js/brachybot-ui-api.js:614"", ""web/app/static/js/brachybot-ui-api.js:615"", ""web/app/static/js/brachybot-ui-api.js:8535""]",registered; end-to-end parity not certified,"Literal references are navigation candidates, not proof of execution. Missing references may use generic dispatch."
report.layout,"[""set""]",493,"[""web/app/static/js/brachybot-ui-api.js:618"", ""web/app/static/js/brachybot-ui-api.js:8546""]",registered; end-to-end parity not certified,"Literal references are navigation candidates, not proof of execution. Missing references may use generic dispatch."
report.section.toggle,"[""run""]",498,"[""web/app/static/js/brachybot-ui-api.js:8553""]",registered; end-to-end parity not certified,"Literal references are navigation candidates, not proof of execution. Missing references may use generic dispatch."
report.reference.add,"[""set""]",503,"[""web/app/static/js/brachybot-ui-api.js:8558""]",registered; end-to-end parity not certified,"Literal references are navigation candidates, not proof of execution. Missing references may use generic dispatch."
report.reference.remove,"[""set""]",508,"[""web/app/static/js/brachybot-ui-api.js:8563""]",registered; end-to-end parity not certified,"Literal references are navigation candidates, not proof of execution. Missing references may use generic dispatch."
report.clear,"[""run""]",513,"[""web/app/static/js/brachybot-ui-api.js:616"", ""web/app/static/js/brachybot-ui-api.js:7077"", ""web/app/static/js/brachybot-ui-api.js:8568""]",registered; end-to-end parity not certified,"Literal references are navigation candidates, not proof of execution. Missing references may use generic dispatch."
3d.reconstruct,"[""run""]",519,"[""web/app/static/js/brachybot-ui-api.js:8576""]",registered; end-to-end parity not certified,"Literal references are navigation candidates, not proof of execution. Missing references may use generic dispatch."
3d.wireframe,"[""toggle""]",524,"[""web/app/static/js/brachybot-ui-api.js:681"", ""web/app/static/js/brachybot-ui-api.js:8583""]",registered; end-to-end parity not certified,"Literal references are navigation candidates, not proof of execution. Missing references may use generic dispatch."
3d.skin,"[""toggle""]",529,"[""web/app/static/js/brachybot-ui-api.js:682"", ""web/app/static/js/brachybot-ui-api.js:8591""]",registered; end-to-end parity not certified,"Literal references are navigation candidates, not proof of execution. Missing references may use generic dispatch."
3d.dose_opacity,"[""set""]",534,"[""web/app/static/js/brachybot-ui-api.js:670"", ""web/app/static/js/brachybot-ui-api.js:8599""]",registered; end-to-end parity not certified,"Literal references are navigation candidates, not proof of execution. Missing references may use generic dispatch."
3d.mesh_opacity,"[""set"", ""increase"", ""decrease""]",540,"[""web/app/static/js/brachybot-ui-api.js:669"", ""web/app/static/js/brachybot-ui-api.js:8610""]",registered; end-to-end parity not certified,"Literal references are navigation candidates, not proof of execution. Missing references may use generic dispatch."
3d.labels,"[""toggle""]",546,"[""web/app/static/js/brachybot-ui-api.js:683"", ""web/app/static/js/brachybot-ui-api.js:8621""]",registered; end-to-end parity not certified,"Literal references are navigation candidates, not proof of execution. Missing references may use generic dispatch."
3d.label_opacity,"[""set"", ""increase"", ""decrease""]",551,"[""web/app/static/js/brachybot-ui-api.js:8629""]",registered; end-to-end parity not certified,"Literal references are navigation candidates, not proof of execution. Missing references may use generic dispatch."
3d.dose_surface,"[""toggle""]",557,"[""web/app/static/js/brachybot-ui-api.js:672"", ""web/app/static/js/brachybot-ui-api.js:8606""]",registered; end-to-end parity not certified,"Literal references are navigation candidates, not proof of execution. Missing references may use generic dispatch."
3d.fit,"[""run""]",562,"[""web/app/static/js/brachybot-ui-api.js:655"", ""web/app/static/js/brachybot-ui-api.js:8640""]",registered; end-to-end parity not certified,"Literal references are navigation candidates, not proof of execution. Missing references may use generic dispatch."
3d.reset,"[""run""]",570,"[""web/app/static/js/brachybot-ui-api.js:658"", ""web/app/static/js/brachybot-ui-api.js:8644""]",registered; end-to-end parity not certified,"Literal references are navigation candidates, not proof of execution. Missing references may use generic dispatch."
3d.show_all,"[""run""]",574,"[""web/app/static/js/brachybot-ui-api.js:8649""]",registered; end-to-end parity not certified,"Literal references are navigation candidates, not proof of execution. Missing references may use generic dispatch."
3d.hide_all,"[""run""]",578,"[""web/app/static/js/brachybot-ui-api.js:8654""]",registered; end-to-end parity not certified,"Literal references are navigation candidates, not proof of execution. Missing references may use generic dispatch."
chat.language,"[""set""]",583,"[""web/app/static/js/brachybot-ui-api.js:559"", ""web/app/static/js/brachybot-ui-api.js:564"", ""web/app/static/js/brachybot-ui-api.js:8661""]",registered; end-to-end parity not certified,"Literal references are navigation candidates, not proof of execution. Missing references may use generic dispatch."
chat.theme,"[""set"", ""toggle""]",588,"[""web/app/static/js/brachybot-ui-api.js:569"", ""web/app/static/js/brachybot-ui-api.js:573"", ""web/app/static/js/brachybot-ui-api.js:8666""]",registered; end-to-end parity not certified,"Literal references are navigation candidates, not proof of execution. Missing references may use generic dispatch."
chat.clear_history,"[""run""]",593,"[""web/app/static/js/brachybot-ui-api.js:7078"", ""web/app/static/js/brachybot-ui-api.js:8676""]",registered; end-to-end parity not certified,"Literal references are navigation candidates, not proof of execution. Missing references may use generic dispatch."
chat.sidebar.toggle,"[""run""]",598,"[""web/app/static/js/brachybot-ui-api.js:577"", ""web/app/static/js/brachybot-ui-api.js:8679""]",registered; end-to-end parity not certified,"Literal references are navigation candidates, not proof of execution. Missing references may use generic dispatch."
screenshot,"[""run""]",603,"[""web/app/static/js/brachybot-chat-todo.js:2015"", ""web/app/static/js/brachybot-dvh-planning.js:2013"", ""web/app/static/js/brachybot-dvh-planning.js:2228"", ""web/app/static/js/brachybot-dvh-planning.js:2264"", ""web/app/static/js/brachybot-report-editor.js:466"", ""web/app/static/js/brachybot-report-editor.js:481"", ""web/app/static/js/brachybot-report-editor.js:1715"", ""web/app/static/js/brachybot-report-editor.js:1749"", ""web/app/static/js/brachybot-ui-api.js:8685"", ""web/app/static/js/brachybot-ui-api.js:10069"", ""web/app/static/js/brachybot-ui-api.js:10130"", ""web/app/static/js/brachybot-ui-api.js:10419"", ""web/app/static/js/brachybot-ui-api.js:10425"", ""web/app/static/js/brachybot-ui-api.js:10869"", ""web/app/static/js/brachybot-ui-api.js:11297"", ""web/app/static/js/brachybot-ui-api.js:11456"", ""web/app/static/js/brachybot-viewer-volume.js:3425"", ""web/app/static/js/brachybot-viewer-volume.js:3448"", ""web/app/static/js/brachybot-viewer-volume.js:5194"", ""web/app/static/js/brachybot-viewer-volume.js:5641"", ""web/app/static/js/brachybot-viewer-volume.js:6880"", ""web/app/static/js/brachybot-workspace.js:3609"", ""web/app/static/js/brachybot-workspace.js:3714"", ""web/app/static/js/brachybot-workspace.js:3812""]",registered; end-to-end parity not certified,"Literal references are navigation candidates, not proof of execution. Missing references may use generic dispatch."
tool,"[""set""]",609,"[""web/app/static/js/brachybot-chat-todo.js:118"", ""web/app/static/js/brachybot-chat-todo.js:832"", ""web/app/static/js/brachybot-chat-todo.js:853"", ""web/app/static/js/brachybot-chat-todo.js:2788"", ""web/app/static/js/brachybot-chat-todo.js:2821"", ""web/app/static/js/brachybot-chat-todo.js:3591"", ""web/app/static/js/brachybot-chat-todo.js:3707"", ""web/app/static/js/brachybot-chat-todo.js:4242"", ""web/app/static/js/brachybot-chat-todo.js:4521"", ""web/app/static/js/brachybot-chat-todo.js:4526"", ""web/app/static/js/brachybot-chat-todo.js:4593"", ""web/app/static/js/brachybot-chat-todo.js:4611"", ""web/app/static/js/brachybot-chat-todo.js:5347"", ""web/app/static/js/brachybot-chat-todo.js:5446"", ""web/app/static/js/brachybot-ui-api.js:664"", ""web/app/static/js/brachybot-ui-api.js:675"", ""web/app/static/js/brachybot-ui-api.js:873"", ""web/app/static/js/brachybot-ui-api.js:8689""]",registered; end-to-end parity not certified,"Literal references are navigation candidates, not proof of execution. Missing references may use generic dispatch."
planning.parameter,"[""set""]",617,"[""web/app/static/js/brachybot-ui-api.js:8358""]",registered; end-to-end parity not certified,"Literal references are navigation candidates, not proof of execution. Missing references may use generic dispatch."
parameter.catalog,"[""inspect""]",623,"[""web/app/static/js/brachybot-ui-api.js:8253""]",registered; end-to-end parity not certified,"Literal references are navigation candidates, not proof of execution. Missing references may use generic dispatch."
parameter.set,"[""set""]",627,"[""web/app/static/js/brachybot-ui-api.js:171"", ""web/app/static/js/brachybot-ui-api.js:8258""]",registered; end-to-end parity not certified,"Literal references are navigation candidates, not proof of execution. Missing references may use generic dispatch."
planning.hyperparams.set,"[""set""]",632,"[""web/app/static/js/brachybot-ui-api.js:8273""]",registered; end-to-end parity not certified,"Literal references are navigation candidates, not proof of execution. Missing references may use generic dispatch."
surgical_guide.parameters.set,"[""set""]",637,"[""web/app/static/js/brachybot-ui-api.js:8286""]",registered; end-to-end parity not certified,"Literal references are navigation candidates, not proof of execution. Missing references may use generic dispatch."
tree.color,"[""set""]",642,"[""web/app/static/js/brachybot-ui-api.js:1002"", ""web/app/static/js/brachybot-ui-api.js:8323""]",registered; end-to-end parity not certified,"Literal references are navigation candidates, not proof of execution. Missing references may use generic dispatch."
report.field.set,"[""set""]",647,"[""web/app/static/js/brachybot-ui-api.js:8335""]",registered; end-to-end parity not certified,"Literal references are navigation candidates, not proof of execution. Missing references may use generic dispatch."
report.template.set,"[""set""]",652,"[""web/app/static/js/brachybot-ui-api.js:8350""]",registered; end-to-end parity not certified,"Literal references are navigation candidates, not proof of execution. Missing references may use generic dispatch."
