index_html_line,id,tag,inline_calls,candidate_definitions,note
46,,link,"[""warn""]",[],Only static inline calls; delegated listeners and dynamically created controls require event_sites.csv and runtime review.
53,,script,"[""error""]",[],Only static inline calls; delegated listeners and dynamically created controls require event_sites.csv and runtime review.
54,,script,"[""error""]",[],Only static inline calls; delegated listeners and dynamically created controls require event_sites.csv and runtime review.
55,,link,"[""error""]",[],Only static inline calls; delegated listeners and dynamically created controls require event_sites.csv and runtime review.
56,,script,"[""error""]",[],Only static inline calls; delegated listeners and dynamically created controls require event_sites.csv and runtime review.
57,,script,"[""error""]",[],Only static inline calls; delegated listeners and dynamically created controls require event_sites.csv and runtime review.
58,,script,"[""error""]",[],Only static inline calls; delegated listeners and dynamically created controls require event_sites.csv and runtime review.
59,,script,"[""error""]",[],Only static inline calls; delegated listeners and dynamically created controls require event_sites.csv and runtime review.
60,,script,"[""error""]",[],Only static inline calls; delegated listeners and dynamically created controls require event_sites.csv and runtime review.
61,,script,"[""error""]",[],Only static inline calls; delegated listeners and dynamically created controls require event_sites.csv and runtime review.
62,,script,"[""error""]",[],Only static inline calls; delegated listeners and dynamically created controls require event_sites.csv and runtime review.
63,,script,"[""error""]",[],Only static inline calls; delegated listeners and dynamically created controls require event_sites.csv and runtime review.
98,,button,[],[],Only static inline calls; delegated listeners and dynamically created controls require event_sites.csv and runtime review.
99,,button,[],[],Only static inline calls; delegated listeners and dynamically created controls require event_sites.csv and runtime review.
114,authForm,form,[],[],Only static inline calls; delegated listeners and dynamically created controls require event_sites.csv and runtime review.
117,authUsername,input,[],[],Only static inline calls; delegated listeners and dynamically created controls require event_sites.csv and runtime review.
128,authPassword,input,[],[],Only static inline calls; delegated listeners and dynamically created controls require event_sites.csv and runtime review.
132,authPasswordToggle,button,[],[],Only static inline calls; delegated listeners and dynamically created controls require event_sites.csv and runtime review.
148,authRemember,input,[],[],Only static inline calls; delegated listeners and dynamically created controls require event_sites.csv and runtime review.
156,authLogin,button,[],[],Only static inline calls; delegated listeners and dynamically created controls require event_sites.csv and runtime review.
161,authRegister,button,[],[],Only static inline calls; delegated listeners and dynamically created controls require event_sites.csv and runtime review.
168,,summary,[],[],Only static inline calls; delegated listeners and dynamically created controls require event_sites.csv and runtime review.
170,authDeploymentKey,input,[],[],Only static inline calls; delegated listeners and dynamically created controls require event_sites.csv and runtime review.
299,passwordForm,form,[],[],Only static inline calls; delegated listeners and dynamically created controls require event_sites.csv and runtime review.
302,currentPassword,input,[],[],Only static inline calls; delegated listeners and dynamically created controls require event_sites.csv and runtime review.
308,newPassword,input,[],[],Only static inline calls; delegated listeners and dynamically created controls require event_sites.csv and runtime review.
310,newPasswordToggle,button,[],[],Only static inline calls; delegated listeners and dynamically created controls require event_sites.csv and runtime review.
323,passwordSave,button,[],[],Only static inline calls; delegated listeners and dynamically created controls require event_sites.csv and runtime review.
325,passwordCancel,button,[],[],Only static inline calls; delegated listeners and dynamically created controls require event_sites.csv and runtime review.
357,,button,"[""setUiLanguage""]",[],Only static inline calls; delegated listeners and dynamically created controls require event_sites.csv and runtime review.
358,,button,"[""setUiLanguage""]",[],Only static inline calls; delegated listeners and dynamically created controls require event_sites.csv and runtime review.
360,,button,[],[],Only static inline calls; delegated listeners and dynamically created controls require event_sites.csv and runtime review.
370,importLegacyWorkspace,button,[],[],Only static inline calls; delegated listeners and dynamically created controls require event_sites.csv and runtime review.
370,accountPassword,button,[],[],Only static inline calls; delegated listeners and dynamically created controls require event_sites.csv and runtime review.
370,accountLogout,button,[],[],Only static inline calls; delegated listeners and dynamically created controls require event_sites.csv and runtime review.
375,workspaceLockTakeover,button,[],[],Only static inline calls; delegated listeners and dynamically created controls require event_sites.csv and runtime review.
376,workspaceLockDismiss,button,[],[],Only static inline calls; delegated listeners and dynamically created controls require event_sites.csv and runtime review.
400,,button,"[""newChat""]","[""newChat@web/app/static/js/brachybot-chat-core.js:324"", ""newChat@web/app/static/js/brachybot-workspace.js:5103""]",Only static inline calls; delegated listeners and dynamically created controls require event_sites.csv and runtime review.
401,,button,"[""closeSessionSidebar""]","[""closeSessionSidebar@web/app/static/js/brachybot-chat-core.js:305""]",Only static inline calls; delegated listeners and dynamically created controls require event_sites.csv and runtime review.
410,,button,"[""toggleContextPanel""]",[],Only static inline calls; delegated listeners and dynamically created controls require event_sites.csv and runtime review.
415,,button,"[""toggleContextPanel""]",[],Only static inline calls; delegated listeners and dynamically created controls require event_sites.csv and runtime review.
419,,button,"[""clearLocalChatData""]","[""clearLocalChatData@web/app/static/js/brachybot-chat-core.js:238""]",Only static inline calls; delegated listeners and dynamically created controls require event_sites.csv and runtime review.
435,,button,"[""toggleSessionSidebar""]","[""toggleSessionSidebar@web/app/static/js/brachybot-chat-core.js:290""]",Only static inline calls; delegated listeners and dynamically created controls require event_sites.csv and runtime review.
464,,summary,[],[],Only static inline calls; delegated listeners and dynamically created controls require event_sites.csv and runtime review.
495,,div,"[""insertSlashCommand""]",[],Only static inline calls; delegated listeners and dynamically created controls require event_sites.csv and runtime review.
498,,div,"[""insertSlashCommand""]",[],Only static inline calls; delegated listeners and dynamically created controls require event_sites.csv and runtime review.
501,,div,"[""insertSlashCommand""]",[],Only static inline calls; delegated listeners and dynamically created controls require event_sites.csv and runtime review.
504,,div,"[""insertSlashCommand""]",[],Only static inline calls; delegated listeners and dynamically created controls require event_sites.csv and runtime review.
507,,div,"[""insertSlashCommand""]",[],Only static inline calls; delegated listeners and dynamically created controls require event_sites.csv and runtime review.
510,,div,"[""insertSlashCommand""]",[],Only static inline calls; delegated listeners and dynamically created controls require event_sites.csv and runtime review.
513,,div,"[""insertSlashCommand""]",[],Only static inline calls; delegated listeners and dynamically created controls require event_sites.csv and runtime review.
519,chatInput,textarea,"[""handleChatInput"", ""handleChatKeypress""]","[""handleChatInput@web/app/static/js/brachybot-chat-todo.js:1260"", ""handleChatKeypress@web/app/static/js/brachybot-chat-todo.js:1208""]",Only static inline calls; delegated listeners and dynamically created controls require event_sites.csv and runtime review.
520,chatSendBtn,button,"[""sendChat""]","[""sendChat@web/app/static/js/brachybot-chat-todo.js:3238""]",Only static inline calls; delegated listeners and dynamically created controls require event_sites.csv and runtime review.
529,workspaceRecoveryDismiss,button,[],[],Only static inline calls; delegated listeners and dynamically created controls require event_sites.csv and runtime review.
542,,button,"[""switchPanel""]","[""switchPanel@web/app/static/js/brachybot-viewer-volume.js:10""]",Only static inline calls; delegated listeners and dynamically created controls require event_sites.csv and runtime review.
545,,button,"[""switchPanel""]","[""switchPanel@web/app/static/js/brachybot-viewer-volume.js:10""]",Only static inline calls; delegated listeners and dynamically created controls require event_sites.csv and runtime review.
548,,button,"[""switchPanel""]","[""switchPanel@web/app/static/js/brachybot-viewer-volume.js:10""]",Only static inline calls; delegated listeners and dynamically created controls require event_sites.csv and runtime review.
551,,button,"[""switchPanel""]","[""switchPanel@web/app/static/js/brachybot-viewer-volume.js:10""]",Only static inline calls; delegated listeners and dynamically created controls require event_sites.csv and runtime review.
565,ctPath,input,"[""loadCTToViewers"", ""preventDefault""]","[""loadCTToViewers@web/app/static/js/brachybot-ui-api.js:4665""]",Only static inline calls; delegated listeners and dynamically created controls require event_sites.csv and runtime review.
566,,button,"[""click"", ""getElementById""]",[],Only static inline calls; delegated listeners and dynamically created controls require event_sites.csv and runtime review.
567,,button,"[""click"", ""getElementById""]",[],Only static inline calls; delegated listeners and dynamically created controls require event_sites.csv and runtime review.
578,fileCT,input,"[""handleFileSelect""]","[""handleFileSelect@web/app/static/js/brachybot-ui-api.js:3216""]",Only static inline calls; delegated listeners and dynamically created controls require event_sites.csv and runtime review.
579,fileCTFolder,input,"[""handleFileSelect""]","[""handleFileSelect@web/app/static/js/brachybot-ui-api.js:3216""]",Only static inline calls; delegated listeners and dynamically created controls require event_sites.csv and runtime review.
586,ctvPath,input,[],[],Only static inline calls; delegated listeners and dynamically created controls require event_sites.csv and runtime review.
587,,button,"[""click"", ""getElementById""]",[],Only static inline calls; delegated listeners and dynamically created controls require event_sites.csv and runtime review.
597,fileCTV,input,"[""handleFileSelect""]","[""handleFileSelect@web/app/static/js/brachybot-ui-api.js:3216""]",Only static inline calls; delegated listeners and dynamically created controls require event_sites.csv and runtime review.
604,ctvModelSelect,select,[],[],Only static inline calls; delegated listeners and dynamically created controls require event_sites.csv and runtime review.
620,ctvImageModality,select,[],[],Only static inline calls; delegated listeners and dynamically created controls require event_sites.csv and runtime review.
628,ctvVolumeIndex,input,[],[],Only static inline calls; delegated listeners and dynamically created controls require event_sites.csv and runtime review.
642,oarPath,input,[],[],Only static inline calls; delegated listeners and dynamically created controls require event_sites.csv and runtime review.
643,,button,"[""click"", ""getElementById""]",[],Only static inline calls; delegated listeners and dynamically created controls require event_sites.csv and runtime review.
650,fileOAR,input,"[""handleFileSelect""]","[""handleFileSelect@web/app/static/js/brachybot-ui-api.js:3216""]",Only static inline calls; delegated listeners and dynamically created controls require event_sites.csv and runtime review.
656,dicomRtPath,input,[],[],Only static inline calls; delegated listeners and dynamically created controls require event_sites.csv and runtime review.
660,dicomRtImportButton,button,"[""click"", ""getElementById""]",[],Only static inline calls; delegated listeners and dynamically created controls require event_sites.csv and runtime review.
667,fileDicomRT,input,"[""handleDicomRTImport""]","[""handleDicomRTImport@web/app/static/js/brachybot-ui-api.js:3607""]",Only static inline calls; delegated listeners and dynamically created controls require event_sites.csv and runtime review.
676,,div,"[""toggleHyperparams""]",[],Only static inline calls; delegated listeners and dynamically created controls require event_sites.csv and runtime review.
687,devThreshold,input,[],[],Only static inline calls; delegated listeners and dynamically created controls require event_sites.csv and runtime review.
690,useRLToggle,input,[],[],Only static inline calls; delegated listeners and dynamically created controls require event_sites.csv and runtime review.
702,seedRadius,input,[],[],Only static inline calls; delegated listeners and dynamically created controls require event_sites.csv and runtime review.
703,seedLength,input,[],[],Only static inline calls; delegated listeners and dynamically created controls require event_sites.csv and runtime review.
704,seedCountMin,input,[],[],Only static inline calls; delegated listeners and dynamically created controls require event_sites.csv and runtime review.
705,seedCountMax,input,[],[],Only static inline calls; delegated listeners and dynamically created controls require event_sites.csv and runtime review.
706,seedMarginRate,input,[],[],Only static inline calls; delegated listeners and dynamically created controls require event_sites.csv and runtime review.
707,seedAvgDose,input,[],[],Only static inline calls; delegated listeners and dynamically created controls require event_sites.csv and runtime review.
715,targetValue,input,[],[],Only static inline calls; delegated listeners and dynamically created controls require event_sites.csv and runtime review.
716,obstacleValue,input,[],[],Only static inline calls; delegated listeners and dynamically created controls require event_sites.csv and runtime review.
717,backgroundValue,input,[],[],Only static inline calls; delegated listeners and dynamically created controls require event_sites.csv and runtime review.
725,backlitAngle,input,[],[],Only static inline calls; delegated listeners and dynamically created controls require event_sites.csv and runtime review.
726,maxCandiTraj,input,[],[],Only static inline calls; delegated listeners and dynamically created controls require event_sites.csv and runtime review.
730,refDirecX,input,[],[],Only static inline calls; delegated listeners and dynamically created controls require event_sites.csv and runtime review.
731,refDirecY,input,[],[],Only static inline calls; delegated listeners and dynamically created controls require event_sites.csv and runtime review.
732,refDirecZ,input,[],[],Only static inline calls; delegated listeners and dynamically created controls require event_sites.csv and runtime review.
735,refDirecAuto,input,[],[],Only static inline calls; delegated listeners and dynamically created controls require event_sites.csv and runtime review.
741,direcResCone,input,[],[],Only static inline calls; delegated listeners and dynamically created controls require event_sites.csv and runtime review.
742,direcResStep,input,[],[],Only static inline calls; delegated listeners and dynamically created controls require event_sites.csv and runtime review.
743,direcResRings,input,[],[],Only static inline calls; delegated listeners and dynamically created controls require event_sites.csv and runtime review.
752,inLowestEnergy,input,[],[],Only static inline calls; delegated listeners and dynamically created controls require event_sites.csv and runtime review.
753,outHighestEnergy,input,[],[],Only static inline calls; delegated listeners and dynamically created controls require event_sites.csv and runtime review.
754,dvhRate,input,[],[],Only static inline calls; delegated listeners and dynamically created controls require event_sites.csv and runtime review.
755,maxIter,input,[],[],Only static inline calls; delegated listeners and dynamically created controls require event_sites.csv and runtime review.
763,distLowerBound,input,[],[],Only static inline calls; delegated listeners and dynamically created controls require event_sites.csv and runtime review.
764,distUpperBound,input,[],[],Only static inline calls; delegated listeners and dynamically created controls require event_sites.csv and runtime review.
765,distRate,input,[],[],Only static inline calls; delegated listeners and dynamically created controls require event_sites.csv and runtime review.
766,intervalRate,input,[],[],Only static inline calls; delegated listeners and dynamically created controls require event_sites.csv and runtime review.
774,iterRate,input,[],[],Only static inline calls; delegated listeners and dynamically created controls require event_sites.csv and runtime review.
775,replanRate,input,[],[],Only static inline calls; delegated listeners and dynamically created controls require event_sites.csv and runtime review.
783,dlLR,input,[],[],Only static inline calls; delegated listeners and dynamically created controls require event_sites.csv and runtime review.
784,dlLRDecay,input,[],[],Only static inline calls; delegated listeners and dynamically created controls require event_sites.csv and runtime review.
785,dlEpochs,input,[],[],Only static inline calls; delegated listeners and dynamically created controls require event_sites.csv and runtime review.
786,dlPatience,input,[],[],Only static inline calls; delegated listeners and dynamically created controls require event_sites.csv and runtime review.
787,dlSearchRegion,input,[],[],Only static inline calls; delegated listeners and dynamically created controls require event_sites.csv and runtime review.
788,dlDVHMargin,input,[],[],Only static inline calls; delegated listeners and dynamically created controls require event_sites.csv and runtime review.
792,inferSizeX,input,[],[],Only static inline calls; delegated listeners and dynamically created controls require event_sites.csv and runtime review.
793,inferSizeY,input,[],[],Only static inline calls; delegated listeners and dynamically created controls require event_sites.csv and runtime review.
794,inferSizeZ,input,[],[],Only static inline calls; delegated listeners and dynamically created controls require event_sites.csv and runtime review.
803,rfMaxEpisodes,input,[],[],Only static inline calls; delegated listeners and dynamically created controls require event_sites.csv and runtime review.
804,rfBandwidth,input,[],[],Only static inline calls; delegated listeners and dynamically created controls require event_sites.csv and runtime review.
807,,button,"[""applyHyperparams""]","[""applyHyperparams@web/app/static/js/brachybot-manual-annotation.js:332""]",Only static inline calls; delegated listeners and dynamically created controls require event_sites.csv and runtime review.
814,,button,"[""runPlanning""]","[""runPlanning@web/app/static/js/brachybot-manual-annotation.js:414""]",Only static inline calls; delegated listeners and dynamically created controls require event_sites.csv and runtime review.
817,,button,"[""runIntra""]","[""runIntra@web/app/static/js/brachybot-manual-annotation.js:467""]",Only static inline calls; delegated listeners and dynamically created controls require event_sites.csv and runtime review.
820,,button,"[""resetSession""]","[""resetSession@web/app/static/js/brachybot-manual-annotation.js:501""]",Only static inline calls; delegated listeners and dynamically created controls require event_sites.csv and runtime review.
825,,div,"[""toggleStepButtons""]","[""toggleStepButtons@web/app/static/js/brachybot-manual-annotation.js:309""]",Only static inline calls; delegated listeners and dynamically created controls require event_sites.csv and runtime review.
857,stepBtn_ctv_segmentation,button,"[""runSegmentationStep""]","[""runSegmentationStep@web/app/static/js/brachybot-manual-annotation.js:839""]",Only static inline calls; delegated listeners and dynamically created controls require event_sites.csv and runtime review.
860,stepBtn_oar_segmentation,button,"[""runSegmentationStep""]","[""runSegmentationStep@web/app/static/js/brachybot-manual-annotation.js:839""]",Only static inline calls; delegated listeners and dynamically created controls require event_sites.csv and runtime review.
867,stepBtn_trajectory_init,button,"[""runPlanningStep""]","[""runPlanningStep@web/app/static/js/brachybot-manual-annotation.js:559""]",Only static inline calls; delegated listeners and dynamically created controls require event_sites.csv and runtime review.
870,stepBtn_trajectory_refine,button,"[""runPlanningStep""]","[""runPlanningStep@web/app/static/js/brachybot-manual-annotation.js:559""]",Only static inline calls; delegated listeners and dynamically created controls require event_sites.csv and runtime review.
877,stepBtn_seed_planning,button,"[""runPlanningStep""]","[""runPlanningStep@web/app/static/js/brachybot-manual-annotation.js:559""]",Only static inline calls; delegated listeners and dynamically created controls require event_sites.csv and runtime review.
880,stepBtn_dose_calc,button,"[""runPlanningStep""]","[""runPlanningStep@web/app/static/js/brachybot-manual-annotation.js:559""]",Only static inline calls; delegated listeners and dynamically created controls require event_sites.csv and runtime review.
887,stepBtn_dose_eval,button,"[""runPlanningStep""]","[""runPlanningStep@web/app/static/js/brachybot-manual-annotation.js:559""]",Only static inline calls; delegated listeners and dynamically created controls require event_sites.csv and runtime review.
890,,button,"[""showStepResults""]","[""showStepResults@web/app/static/js/brachybot-manual-annotation.js:773""]",Only static inline calls; delegated listeners and dynamically created controls require event_sites.csv and runtime review.
898,,button,"[""showStepResults""]","[""showStepResults@web/app/static/js/brachybot-manual-annotation.js:773""]",Only static inline calls; delegated listeners and dynamically created controls require event_sites.csv and runtime review.
899,,button,"[""showStepResults""]","[""showStepResults@web/app/static/js/brachybot-manual-annotation.js:773""]",Only static inline calls; delegated listeners and dynamically created controls require event_sites.csv and runtime review.
900,,button,"[""showStepResults""]","[""showStepResults@web/app/static/js/brachybot-manual-annotation.js:773""]",Only static inline calls; delegated listeners and dynamically created controls require event_sites.csv and runtime review.
901,,button,"[""showStepResults""]","[""showStepResults@web/app/static/js/brachybot-manual-annotation.js:773""]",Only static inline calls; delegated listeners and dynamically created controls require event_sites.csv and runtime review.
902,,button,"[""showStepResults""]","[""showStepResults@web/app/static/js/brachybot-manual-annotation.js:773""]",Only static inline calls; delegated listeners and dynamically created controls require event_sites.csv and runtime review.
908,,button,"[""exportDicomRT""]","[""exportDicomRT@web/app/static/js/brachybot-manual-annotation.js:18""]",Only static inline calls; delegated listeners and dynamically created controls require event_sites.csv and runtime review.
909,,button,"[""exportSTL""]","[""exportSTL@web/app/static/js/brachybot-manual-annotation.js:43""]",Only static inline calls; delegated listeners and dynamically created controls require event_sites.csv and runtime review.
910,,button,"[""exportReport""]","[""exportReport@web/app/static/js/brachybot-manual-annotation.js:66""]",Only static inline calls; delegated listeners and dynamically created controls require event_sites.csv and runtime review.
916,monitorStartButton,button,"[""startTrainingMode""]","[""startTrainingMode@web/app/static/js/brachybot-3d-manual.js:2379""]",Only static inline calls; delegated listeners and dynamically created controls require event_sites.csv and runtime review.
917,monitorStopButton,button,"[""stopTrainingMode""]","[""stopTrainingMode@web/app/static/js/brachybot-3d-manual.js:2561""]",Only static inline calls; delegated listeners and dynamically created controls require event_sites.csv and runtime review.
918,,button,"[""addManualNeedle""]","[""addManualNeedle@web/app/static/js/brachybot-3d-manual.js:935""]",Only static inline calls; delegated listeners and dynamically created controls require event_sites.csv and runtime review.
919,,button,"[""addManualSeed""]","[""addManualSeed@web/app/static/js/brachybot-3d-manual.js:1075""]",Only static inline calls; delegated listeners and dynamically created controls require event_sites.csv and runtime review.
920,,button,"[""recomputeManualDose""]","[""recomputeManualDose@web/app/static/js/brachybot-3d-manual.js:1684""]",Only static inline calls; delegated listeners and dynamically created controls require event_sites.csv and runtime review.
921,,button,"[""replanManualPlan""]","[""replanManualPlan@web/app/static/js/brachybot-3d-manual.js:7274""]",Only static inline calls; delegated listeners and dynamically created controls require event_sites.csv and runtime review.
922,generateSurgicalGuideButton,button,"[""generateSurgicalGuide""]","[""generateSurgicalGuide@web/app/static/js/brachybot-surgical-guide.js:667""]",Only static inline calls; delegated listeners and dynamically created controls require event_sites.csv and runtime review.
923,,button,"[""exportSurgicalGuideSTL""]","[""exportSurgicalGuideSTL@web/app/static/js/brachybot-surgical-guide.js:872""]",Only static inline calls; delegated listeners and dynamically created controls require event_sites.csv and runtime review.
924,,button,"[""requestPlanningAdvice""]","[""requestPlanningAdvice@web/app/static/js/brachybot-3d-manual.js:2769""]",Only static inline calls; delegated listeners and dynamically created controls require event_sites.csv and runtime review.
925,,button,"[""checkSystemReadiness""]","[""checkSystemReadiness@web/app/static/js/brachybot-3d-manual.js:2889""]",Only static inline calls; delegated listeners and dynamically created controls require event_sites.csv and runtime review.
928,,summary,[],[],Only static inline calls; delegated listeners and dynamically created controls require event_sites.csv and runtime review.
930,guideSkinThreshold,input,[],[],Only static inline calls; delegated listeners and dynamically created controls require event_sites.csv and runtime review.
931,guideSkinClearance,input,[],[],Only static inline calls; delegated listeners and dynamically created controls require event_sites.csv and runtime review.
932,guidePlateThickness,input,[],[],Only static inline calls; delegated listeners and dynamically created controls require event_sites.csv and runtime review.
933,guidePatchMargin,input,[],[],Only static inline calls; delegated listeners and dynamically created controls require event_sites.csv and runtime review.
934,guideChannelDiameter,input,[],[],Only static inline calls; delegated listeners and dynamically created controls require event_sites.csv and runtime review.
935,guideSleeveOuterDiameter,input,[],[],Only static inline calls; delegated listeners and dynamically created controls require event_sites.csv and runtime review.
936,guideSleeveOutward,input,[],[],Only static inline calls; delegated listeners and dynamically created controls require event_sites.csv and runtime review.
937,guideSleeveInward,input,[],[],Only static inline calls; delegated listeners and dynamically created controls require event_sites.csv and runtime review.
938,guideGeometryResolution,input,[],[],Only static inline calls; delegated listeners and dynamically created controls require event_sites.csv and runtime review.
942,guideAuxiliaryHolesEnabled,input,[],[],Only static inline calls; delegated listeners and dynamically created controls require event_sites.csv and runtime review.
943,guideAuxiliaryHoleDiameter,input,[],[],Only static inline calls; delegated listeners and dynamically created controls require event_sites.csv and runtime review.
944,guideAuxiliaryHoleRingCount,input,[],[],Only static inline calls; delegated listeners and dynamically created controls require event_sites.csv and runtime review.
945,guideAuxiliaryHolesPerRing,input,[],[],Only static inline calls; delegated listeners and dynamically created controls require event_sites.csv and runtime review.
946,guideAuxiliaryHoleFirstOffset,input,[],[],Only static inline calls; delegated listeners and dynamically created controls require event_sites.csv and runtime review.
947,guideAuxiliaryHoleRingSpacing,input,[],[],Only static inline calls; delegated listeners and dynamically created controls require event_sites.csv and runtime review.
951,guideNeedleSelection,select,[],[],Only static inline calls; delegated listeners and dynamically created controls require event_sites.csv and runtime review.
952,guideVersionSelect,select,[],[],Only static inline calls; delegated listeners and dynamically created controls require event_sites.csv and runtime review.
952,,button,"[""loadSelectedSurgicalGuideVersion""]","[""loadSelectedSurgicalGuideVersion@web/app/static/js/brachybot-surgical-guide.js:934""]",Only static inline calls; delegated listeners and dynamically created controls require event_sites.csv and runtime review.
953,surgicalGuidePlanningSelect,select,[],[],Only static inline calls; delegated listeners and dynamically created controls require event_sites.csv and runtime review.
956,guideStlValidationFile,input,[],[],Only static inline calls; delegated listeners and dynamically created controls require event_sites.csv and runtime review.
957,,button,"[""click"", ""getElementById""]",[],Only static inline calls; delegated listeners and dynamically created controls require event_sites.csv and runtime review.
960,,button,"[""resetSurgicalGuideControls""]","[""resetSurgicalGuideControls@web/app/static/js/brachybot-surgical-guide.js:926""]",Only static inline calls; delegated listeners and dynamically created controls require event_sites.csv and runtime review.
1022,dvhCanvas,canvas,[],[],Only static inline calls; delegated listeners and dynamically created controls require event_sites.csv and runtime review.
1081,,button,"[""fromAll""]",[],Only static inline calls; delegated listeners and dynamically created controls require event_sites.csv and runtime review.
1084,,button,"[""refreshContent""]","[""refreshContent@web/app/static/js/brachybot-report-shell.js:336""]",Only static inline calls; delegated listeners and dynamically created controls require event_sites.csv and runtime review.
1089,reportTemplateSelect,select,"[""applyReportTemplate""]","[""applyReportTemplate@web/app/static/js/brachybot-report-export.js:157""]",Only static inline calls; delegated listeners and dynamically created controls require event_sites.csv and runtime review.
1104,,button,"[""pdf""]",[],Only static inline calls; delegated listeners and dynamically created controls require event_sites.csv and runtime review.
1108,,button,"[""_toggleExportMenu""]","[""_toggleExportMenu@web/app/static/js/brachybot-report-shell.js:1646""]",Only static inline calls; delegated listeners and dynamically created controls require event_sites.csv and runtime review.
1112,,div,"[""_hideExportMenu"", ""pdf""]","[""_hideExportMenu@web/app/static/js/brachybot-report-shell.js:1650""]",Only static inline calls; delegated listeners and dynamically created controls require event_sites.csv and runtime review.
1113,,div,"[""_hideExportMenu"", ""html""]","[""_hideExportMenu@web/app/static/js/brachybot-report-shell.js:1650""]",Only static inline calls; delegated listeners and dynamically created controls require event_sites.csv and runtime review.
1114,,div,"[""_hideExportMenu"", ""markdown""]","[""_hideExportMenu@web/app/static/js/brachybot-report-shell.js:1650""]",Only static inline calls; delegated listeners and dynamically created controls require event_sites.csv and runtime review.
1115,,div,"[""_hideExportMenu"", ""json""]","[""_hideExportMenu@web/app/static/js/brachybot-report-shell.js:1650""]",Only static inline calls; delegated listeners and dynamically created controls require event_sites.csv and runtime review.
1116,,div,"[""_hideExportMenu"", ""importJSON""]","[""_hideExportMenu@web/app/static/js/brachybot-report-shell.js:1650""]",Only static inline calls; delegated listeners and dynamically created controls require event_sites.csv and runtime review.
1123,,button,"[""save""]",[],Only static inline calls; delegated listeners and dynamically created controls require event_sites.csv and runtime review.
1126,,button,"[""openModal""]",[],Only static inline calls; delegated listeners and dynamically created controls require event_sites.csv and runtime review.
1129,,button,"[""openModal""]",[],Only static inline calls; delegated listeners and dynamically created controls require event_sites.csv and runtime review.
1132,,button,"[""openModal""]",[],Only static inline calls; delegated listeners and dynamically created controls require event_sites.csv and runtime review.
1137,,button,"[""openModal""]",[],Only static inline calls; delegated listeners and dynamically created controls require event_sites.csv and runtime review.
1144,,button,"[""zoomOut""]","[""zoomOut@web/app/static/js/brachybot-report-shell.js:383""]",Only static inline calls; delegated listeners and dynamically created controls require event_sites.csv and runtime review.
1147,rpZoomIndicator,span,"[""zoomReset""]","[""zoomReset@web/app/static/js/brachybot-report-shell.js:384""]",Only static inline calls; delegated listeners and dynamically created controls require event_sites.csv and runtime review.
1150,,button,"[""zoomIn""]","[""zoomIn@web/app/static/js/brachybot-report-shell.js:382""]",Only static inline calls; delegated listeners and dynamically created controls require event_sites.csv and runtime review.
1157,,input,"[""layout2col""]",[],Only static inline calls; delegated listeners and dynamically created controls require event_sites.csv and runtime review.
1160,,button,"[""clear""]","[""clear@web/app/static/js/brachybot-manual-step-results.js:145""]",Only static inline calls; delegated listeners and dynamically created controls require event_sites.csv and runtime review.
1222,windowPreset,select,"[""applyWindowPreset""]","[""applyWindowPreset@web/app/static/js/brachybot-viewer-volume.js:3061""]",Only static inline calls; delegated listeners and dynamically created controls require event_sites.csv and runtime review.
1232,viewerWindow,input,"[""applyViewerSettings""]","[""applyViewerSettings@web/app/static/js/brachybot-viewer-volume.js:3019""]",Only static inline calls; delegated listeners and dynamically created controls require event_sites.csv and runtime review.
1236,viewerLevel,input,"[""applyViewerSettings""]","[""applyViewerSettings@web/app/static/js/brachybot-viewer-volume.js:3019""]",Only static inline calls; delegated listeners and dynamically created controls require event_sites.csv and runtime review.
1242,viewerZoom,input,"[""applyZoom""]","[""applyZoom@web/app/static/js/brachybot-viewer-layout.js:69""]",Only static inline calls; delegated listeners and dynamically created controls require event_sites.csv and runtime review.
1251,viewerThreshold,input,[],[],Only static inline calls; delegated listeners and dynamically created controls require event_sites.csv and runtime review.
1253,viewerThresholdApply,button,"[""applyThreshold""]","[""applyThreshold@web/app/static/js/brachybot-viewer-volume.js:3159""]",Only static inline calls; delegated listeners and dynamically created controls require event_sites.csv and runtime review.
1261,displayMode,select,"[""setDisplayMode""]","[""setDisplayMode@web/app/static/js/brachybot-viewer-volume.js:3285""]",Only static inline calls; delegated listeners and dynamically created controls require event_sites.csv and runtime review.
1270,overlayCTV,input,"[""toggleOverlay""]","[""toggleOverlay@web/app/static/js/brachybot-viewer-volume.js:3274""]",Only static inline calls; delegated listeners and dynamically created controls require event_sites.csv and runtime review.
1273,overlayOAR,input,"[""toggleOverlay""]","[""toggleOverlay@web/app/static/js/brachybot-viewer-volume.js:3274""]",Only static inline calls; delegated listeners and dynamically created controls require event_sites.csv and runtime review.
1279,doseOverlayOpacity,input,"[""setDoseOverlayOpacity""]","[""setDoseOverlayOpacity@web/app/static/js/brachybot-3d-manual.js:9554""]",Only static inline calls; delegated listeners and dynamically created controls require event_sites.csv and runtime review.
1284,doseTextureToggle,button,"[""toggleDoseTextureMode""]","[""toggleDoseTextureMode@web/app/static/js/brachybot-viewer-layout.js:2585""]",Only static inline calls; delegated listeners and dynamically created controls require event_sites.csv and runtime review.
1285,doseColorbarButton,button,"[""toggleDoseColorbarPanel""]","[""toggleDoseColorbarPanel@web/app/static/js/brachybot-3d-manual.js:8847""]",Only static inline calls; delegated listeners and dynamically created controls require event_sites.csv and runtime review.
1287,,button,"[""closeDoseColorbarPanel""]","[""closeDoseColorbarPanel@web/app/static/js/brachybot-3d-manual.js:8860""]",Only static inline calls; delegated listeners and dynamically created controls require event_sites.csv and runtime review.
1290,doseColorbarScope,select,"[""syncDoseColorbarControls""]","[""syncDoseColorbarControls@web/app/static/js/brachybot-3d-manual.js:8879""]",Only static inline calls; delegated listeners and dynamically created controls require event_sites.csv and runtime review.
1294,doseColorbarMinInput,input,[],[],Only static inline calls; delegated listeners and dynamically created controls require event_sites.csv and runtime review.
1296,doseColorbarMaxInput,input,[],[],Only static inline calls; delegated listeners and dynamically created controls require event_sites.csv and runtime review.
1298,doseColorbarPalette,select,[],[],Only static inline calls; delegated listeners and dynamically created controls require event_sites.csv and runtime review.
1303,,button,"[""resetDoseColorbarSettings""]","[""resetDoseColorbarSettings@web/app/static/js/brachybot-3d-manual.js:8930""]",Only static inline calls; delegated listeners and dynamically created controls require event_sites.csv and runtime review.
1304,,button,"[""applyDoseColorbarSettings""]","[""applyDoseColorbarSettings@web/app/static/js/brachybot-3d-manual.js:8896""]",Only static inline calls; delegated listeners and dynamically created controls require event_sites.csv and runtime review.
1309,toolCrosshair,button,"[""setViewerTool""]","[""setViewerTool@web/app/static/js/brachybot-viewer-layout.js:479""]",Only static inline calls; delegated listeners and dynamically created controls require event_sites.csv and runtime review.
1310,toolMeasure,button,"[""setViewerTool""]","[""setViewerTool@web/app/static/js/brachybot-viewer-layout.js:479""]",Only static inline calls; delegated listeners and dynamically created controls require event_sites.csv and runtime review.
1311,toolAngle,button,"[""setViewerTool""]","[""setViewerTool@web/app/static/js/brachybot-viewer-layout.js:479""]",Only static inline calls; delegated listeners and dynamically created controls require event_sites.csv and runtime review.
1312,toolRect,button,"[""setViewerTool""]","[""setViewerTool@web/app/static/js/brachybot-viewer-layout.js:479""]",Only static inline calls; delegated listeners and dynamically created controls require event_sites.csv and runtime review.
1313,toolZoombox,button,"[""setViewerTool""]","[""setViewerTool@web/app/static/js/brachybot-viewer-layout.js:479""]",Only static inline calls; delegated listeners and dynamically created controls require event_sites.csv and runtime review.
1314,toolAnnotate,button,"[""setViewerTool""]","[""setViewerTool@web/app/static/js/brachybot-viewer-layout.js:479""]",Only static inline calls; delegated listeners and dynamically created controls require event_sites.csv and runtime review.
1315,toolEraser,button,"[""setViewerTool""]","[""setViewerTool@web/app/static/js/brachybot-viewer-layout.js:479""]",Only static inline calls; delegated listeners and dynamically created controls require event_sites.csv and runtime review.
1316,toolSat3dPositive,button,"[""setViewerTool""]","[""setViewerTool@web/app/static/js/brachybot-viewer-layout.js:479""]",Only static inline calls; delegated listeners and dynamically created controls require event_sites.csv and runtime review.
1317,toolSat3dNegative,button,"[""setViewerTool""]","[""setViewerTool@web/app/static/js/brachybot-viewer-layout.js:479""]",Only static inline calls; delegated listeners and dynamically created controls require event_sites.csv and runtime review.
1318,toolSat3dClear,button,"[""clearSat3dPromptPoints""]","[""clearSat3dPromptPoints@web/app/static/js/brachybot-manual-annotation.js:3392""]",Only static inline calls; delegated listeners and dynamically created controls require event_sites.csv and runtime review.
1320,,button,"[""viewerFlipH""]","[""viewerFlipH@web/app/static/js/brachybot-manual-annotation.js:3262""]",Only static inline calls; delegated listeners and dynamically created controls require event_sites.csv and runtime review.
1321,,button,"[""viewerFlipV""]","[""viewerFlipV@web/app/static/js/brachybot-manual-annotation.js:3267""]",Only static inline calls; delegated listeners and dynamically created controls require event_sites.csv and runtime review.
1322,,button,"[""viewerRotate""]","[""viewerRotate@web/app/static/js/brachybot-manual-annotation.js:3272""]",Only static inline calls; delegated listeners and dynamically created controls require event_sites.csv and runtime review.
1323,,button,"[""viewerUndo""]","[""viewerUndo@web/app/static/js/brachybot-manual-annotation.js:3246""]",Only static inline calls; delegated listeners and dynamically created controls require event_sites.csv and runtime review.
1324,,button,"[""viewerRedo""]","[""viewerRedo@web/app/static/js/brachybot-manual-annotation.js:3254""]",Only static inline calls; delegated listeners and dynamically created controls require event_sites.csv and runtime review.
1325,,button,"[""fitView""]","[""fitView@web/app/static/js/brachybot-viewer-layout.js:616""]",Only static inline calls; delegated listeners and dynamically created controls require event_sites.csv and runtime review.
1326,,button,"[""resetViewer""]","[""resetViewer@web/app/static/js/brachybot-viewer-layout.js:733""]",Only static inline calls; delegated listeners and dynamically created controls require event_sites.csv and runtime review.
1328,reconstruct3DButton,button,"[""reconstruct3D""]","[""reconstruct3D@web/app/static/js/brachybot-viewer-layout.js:1167""]",Only static inline calls; delegated listeners and dynamically created controls require event_sites.csv and runtime review.
1342,,button,"[""setViewerLayout""]","[""setViewerLayout@web/app/static/js/brachybot-viewer-layout.js:396""]",Only static inline calls; delegated listeners and dynamically created controls require event_sites.csv and runtime review.
1343,,button,"[""setViewerLayout""]","[""setViewerLayout@web/app/static/js/brachybot-viewer-layout.js:396""]",Only static inline calls; delegated listeners and dynamically created controls require event_sites.csv and runtime review.
1344,,button,"[""setViewerLayout""]","[""setViewerLayout@web/app/static/js/brachybot-viewer-layout.js:396""]",Only static inline calls; delegated listeners and dynamically created controls require event_sites.csv and runtime review.
1345,,button,"[""setViewerLayout""]","[""setViewerLayout@web/app/static/js/brachybot-viewer-layout.js:396""]",Only static inline calls; delegated listeners and dynamically created controls require event_sites.csv and runtime review.
1346,,button,"[""setViewerLayout""]","[""setViewerLayout@web/app/static/js/brachybot-viewer-layout.js:396""]",Only static inline calls; delegated listeners and dynamically created controls require event_sites.csv and runtime review.
1371,,button,"[""toggleViewerFullscreen""]","[""toggleViewerFullscreen@web/app/static/js/brachybot-ui-api.js:6526""]",Only static inline calls; delegated listeners and dynamically created controls require event_sites.csv and runtime review.
1381,sliceCanvasAxial,canvas,[],[],Only static inline calls; delegated listeners and dynamically created controls require event_sites.csv and runtime review.
1382,crosshairCanvasAxial,canvas,[],[],Only static inline calls; delegated listeners and dynamically created controls require event_sites.csv and runtime review.
1383,annotationCanvasAxial,canvas,[],[],Only static inline calls; delegated listeners and dynamically created controls require event_sites.csv and runtime review.
1384,labelOverlay_Axial,canvas,[],[],Only static inline calls; delegated listeners and dynamically created controls require event_sites.csv and runtime review.
1389,,canvas,[],[],Only static inline calls; delegated listeners and dynamically created controls require event_sites.csv and runtime review.
1406,sliderAxial,input,"[""updateSlice""]","[""updateSlice@web/app/static/js/brachybot-viewer-volume.js:2736""]",Only static inline calls; delegated listeners and dynamically created controls require event_sites.csv and runtime review.
1415,,button,"[""toggleViewerFullscreen""]","[""toggleViewerFullscreen@web/app/static/js/brachybot-ui-api.js:6526""]",Only static inline calls; delegated listeners and dynamically created controls require event_sites.csv and runtime review.
1425,sliceCanvasSagittal,canvas,[],[],Only static inline calls; delegated listeners and dynamically created controls require event_sites.csv and runtime review.
1426,crosshairCanvasSagittal,canvas,[],[],Only static inline calls; delegated listeners and dynamically created controls require event_sites.csv and runtime review.
1427,annotationCanvasSagittal,canvas,[],[],Only static inline calls; delegated listeners and dynamically created controls require event_sites.csv and runtime review.
1428,labelOverlay_Sagittal,canvas,[],[],Only static inline calls; delegated listeners and dynamically created controls require event_sites.csv and runtime review.
1433,,canvas,[],[],Only static inline calls; delegated listeners and dynamically created controls require event_sites.csv and runtime review.
1450,sliderSagittal,input,"[""updateSlice""]","[""updateSlice@web/app/static/js/brachybot-viewer-volume.js:2736""]",Only static inline calls; delegated listeners and dynamically created controls require event_sites.csv and runtime review.
1459,,button,"[""toggleViewerFullscreen""]","[""toggleViewerFullscreen@web/app/static/js/brachybot-ui-api.js:6526""]",Only static inline calls; delegated listeners and dynamically created controls require event_sites.csv and runtime review.
1469,sliceCanvasCoronal,canvas,[],[],Only static inline calls; delegated listeners and dynamically created controls require event_sites.csv and runtime review.
1470,crosshairCanvasCoronal,canvas,[],[],Only static inline calls; delegated listeners and dynamically created controls require event_sites.csv and runtime review.
1471,annotationCanvasCoronal,canvas,[],[],Only static inline calls; delegated listeners and dynamically created controls require event_sites.csv and runtime review.
1472,labelOverlay_Coronal,canvas,[],[],Only static inline calls; delegated listeners and dynamically created controls require event_sites.csv and runtime review.
1477,,canvas,[],[],Only static inline calls; delegated listeners and dynamically created controls require event_sites.csv and runtime review.
1494,sliderCoronal,input,"[""updateSlice""]","[""updateSlice@web/app/static/js/brachybot-viewer-volume.js:2736""]",Only static inline calls; delegated listeners and dynamically created controls require event_sites.csv and runtime review.
1503,,button,"[""toggleViewerFullscreen""]","[""toggleViewerFullscreen@web/app/static/js/brachybot-ui-api.js:6526""]",Only static inline calls; delegated listeners and dynamically created controls require event_sites.csv and runtime review.
1520,,canvas,[],[],Only static inline calls; delegated listeners and dynamically created controls require event_sites.csv and runtime review.
1536,,button,"[""reset3DView""]","[""reset3DView@web/app/static/js/brachybot-3d-manual.js:5512""]",Only static inline calls; delegated listeners and dynamically created controls require event_sites.csv and runtime review.
1539,meshOpacity3D,input,"[""update3DMeshOpacity""]","[""update3DMeshOpacity@web/app/static/js/brachybot-3d-manual.js:5560""]",Only static inline calls; delegated listeners and dynamically created controls require event_sites.csv and runtime review.
1542,wireframe3D,input,"[""toggle3DWireframe""]","[""toggle3DWireframe@web/app/static/js/brachybot-3d-manual.js:5690""]",Only static inline calls; delegated listeners and dynamically created controls require event_sites.csv and runtime review.
1547,skinToggle3D,input,"[""toggle3DSkin""]","[""toggle3DSkin@web/app/static/js/brachybot-3d-manual.js:5711""]",Only static inline calls; delegated listeners and dynamically created controls require event_sites.csv and runtime review.
1552,doseOpacity,input,"[""updateDoseOpacity""]","[""updateDoseOpacity@web/app/static/js/brachybot-viewer-volume.js:2809""]",Only static inline calls; delegated listeners and dynamically created controls require event_sites.csv and runtime review.
1555,labelShow3d,input,"[""updateLabelImage""]","[""updateLabelImage@web/app/static/js/brachybot-viewer-volume.js:2817""]",Only static inline calls; delegated listeners and dynamically created controls require event_sites.csv and runtime review.
1559,labelOp3d,input,"[""updateLabelImage""]","[""updateLabelImage@web/app/static/js/brachybot-viewer-volume.js:2817""]",Only static inline calls; delegated listeners and dynamically created controls require event_sites.csv and runtime review.
