path,line,source
web/app/index.html,357,"<button class=""lang-btn"" data-lang-btn=""en"" onclick=""window.setUiLanguage && window.setUiLanguage('en')"" aria-pressed=""true"">EN</button>"
web/app/index.html,358,"<button class=""lang-btn"" data-lang-btn=""zh"" onclick=""window.setUiLanguage && window.setUiLanguage('zh')"" aria-pressed=""false"">中</button>"
web/app/index.html,400,"<button class=""new-chat-btn"" onclick=""newChat()""><span data-i18n-zh=""+ 新建"" data-i18n-en=""+ New"">+ New</span></button>"
web/app/index.html,401,"<button class=""session-sidebar-close"" type=""button"" onclick=""closeSessionSidebar()"""
web/app/index.html,410,"<button class=""context-panel-close"" onclick=""toggleContextPanel()"">&times;</button>"
web/app/index.html,415,"<button class=""context-toggle-btn"" onclick=""toggleContextPanel()"" title=""Show / hide the context summary panel"">"
web/app/index.html,419,"<button class=""context-toggle-btn"" onclick=""clearLocalChatData()"" title=""Clear only browser display preferences. Case data is retained in the secure workspace."">"
web/app/index.html,435,"<button onclick=""toggleSessionSidebar()"" title=""Toggle chat history"" style=""background:none;border:none;color:var(--text);cursor:pointer;font-size:0.9rem;padding:2px 6px;"">&#9776;</button>"
web/app/index.html,495,"<div class=""slash-cmd"" data-cmd=""/help"" style=""padding:0.5rem 1rem;cursor:pointer;font-size:0.75rem;"" onclick=""insertSlashCommand('/help')"">"
web/app/index.html,498,"<div class=""slash-cmd"" data-cmd=""/plan"" style=""padding:0.5rem 1rem;cursor:pointer;font-size:0.75rem;"" onclick=""insertSlashCommand('/plan')"">"
web/app/index.html,501,"<div class=""slash-cmd"" data-cmd=""/segment"" style=""padding:0.5rem 1rem;cursor:pointer;font-size:0.75rem;"" onclick=""insertSlashCommand('/segment')"">"
web/app/index.html,504,"<div class=""slash-cmd"" data-cmd=""/evaluate"" style=""padding:0.5rem 1rem;cursor:pointer;font-size:0.75rem;"" onclick=""insertSlashCommand('/evaluate')"">"
web/app/index.html,507,"<div class=""slash-cmd"" data-cmd=""/export"" style=""padding:0.5rem 1rem;cursor:pointer;font-size:0.75rem;"" onclick=""insertSlashCommand('/export')"">"
web/app/index.html,510,"<div class=""slash-cmd"" data-cmd=""/viewer"" style=""padding:0.5rem 1rem;cursor:pointer;font-size:0.75rem;"" onclick=""insertSlashCommand('/viewer')"">"
web/app/index.html,513,"<div class=""slash-cmd"" data-cmd=""/clear"" style=""padding:0.5rem 1rem;cursor:pointer;font-size:0.75rem;"" onclick=""insertSlashCommand('/clear')"">"
web/app/index.html,519,"<textarea id=""chatInput"" rows=""1"" placeholder=""Describe your case or type / for commands..."" onkeydown=""handleChatKeypress(event)"" oninput=""handleChatInput(this)""></textarea>"
web/app/index.html,520,"<button class=""chat-send"" id=""chatSendBtn"" onclick=""sendChat()"">&#10148;</button>"
web/app/index.html,542,"<button type=""button"" class=""panel-tab active"" data-panel=""input"" role=""tab"" aria-selected=""true"" aria-controls=""panelInput"" onclick=""switchPanel('input', this)"">"
web/app/index.html,545,"<button type=""button"" class=""panel-tab"" data-panel=""metrics"" role=""tab"" aria-selected=""false"" aria-controls=""panelMetrics"" onclick=""switchPanel('metrics', this)"">"
web/app/index.html,548,"<button type=""button"" class=""panel-tab"" data-panel=""viewers"" role=""tab"" aria-selected=""false"" aria-controls=""panelViewers"" onclick=""switchPanel('viewers', this)"">"
web/app/index.html,551,"<button type=""button"" class=""panel-tab"" data-panel=""report"" role=""tab"" aria-selected=""false"" aria-controls=""panelReport"" onclick=""switchPanel('report', this)"">"
web/app/index.html,565,"<input type=""text"" class=""form-input"" id=""ctPath"" placeholder=""/path/to/ct.nii.gz · .dcm · DICOM folder"" onkeydown=""if(event.key==='Enter'){event.preventDefault();loadCTToViewers(this.value);}"">"
web/app/index.html,566,"<button class=""file-btn"" title=""Pick a CT file (.nii/.nii.gz/.mha/.nrrd/.dcm); multi-select DICOM slices together"" onclick=""document.getElementById('fileCT').click()"">&#128193; Browse</button>"
web/app/index.html,567,"<button class=""file-btn"" title=""Pick a DICOM folder (supports extensionless DICOM files)"" onclick=""document.getElementById('fileCTFolder').click()"">&#128449; Folder</button>"
web/app/index.html,578,"<input type=""file"" id=""fileCT"" multiple onchange=""handleFileSelect(this, 'ctPath')"">"
web/app/index.html,579,"<input type=""file"" id=""fileCTFolder"" webkitdirectory multiple hidden onchange=""handleFileSelect(this, 'ctPath')"">"
web/app/index.html,587,"<button class=""file-btn"" onclick=""document.getElementById('fileCTV').click()"">&#128193; Browse</button>"
web/app/index.html,597,"<input type=""file"" id=""fileCTV"" accept="".nii,.gz,.mha,.nrrd,.mhd,image/*"" onchange=""handleFileSelect(this, 'ctvPath')"">"
web/app/index.html,643,"<button class=""file-btn"" onclick=""document.getElementById('fileOAR').click()"">&#128193; Browse</button>"
web/app/index.html,650,"<input type=""file"" id=""fileOAR"" accept="".nii,.gz,.mha,.nrrd,.mhd,image/*"" onchange=""handleFileSelect(this, 'oarPath')"">"
web/app/index.html,661,"onclick=""document.getElementById('fileDicomRT').click()"""
web/app/index.html,667,"<input type=""file"" id=""fileDicomRT"" accept="".dcm,.dicom,application/dicom"" onchange=""handleDicomRTImport(this)"">"
web/app/index.html,678,"data-ui-semantic=""expansion"" onclick=""toggleHyperparams()"">"
web/app/index.html,807,"<button class=""btn btn-outline"" onclick=""applyHyperparams()"" style=""width:100%;justify-content:center;margin-top:4px;"">"
web/app/index.html,814,"<button class=""btn btn-primary"" onclick=""runPlanning()"">"
web/app/index.html,817,"<button class=""btn btn-warning"" onclick=""runIntra()"">"
web/app/index.html,820,"<button class=""btn btn-outline"" onclick=""resetSession()"">"
web/app/index.html,827,"data-ui-semantic=""expansion"" onclick=""toggleStepButtons()"">"
web/app/index.html,857,"<button class=""btn btn-outline"" id=""stepBtn_ctv_segmentation"" onclick=""runSegmentationStep('ctv_segmentation')"" style=""flex:1;font-size:0.65rem;padding:6px 4px;display:flex;align-items:center;justify-content:center;gap:4px;"" disabled>"
web/app/index.html,860,"<button class=""btn btn-outline"" id=""stepBtn_oar_segmentation"" onclick=""runSegmentationStep('oar_segmentation')"" style=""flex:1;font-size:0.65rem;padding:6px 4px;display:flex;align-items:center;justify-content:center;gap:4px;"" disabled>"
web/app/index.html,867,"<button class=""btn btn-outline"" id=""stepBtn_trajectory_init"" onclick=""runPlanningStep('trajectory_init')"" style=""flex:1;font-size:0.65rem;padding:6px 4px;display:flex;align-items:center;justify-content:center;gap:4px;"" disabled>"
web/app/index.html,870,"<button class=""btn btn-outline"" id=""stepBtn_trajectory_refine"" onclick=""runPlanningStep('trajectory_refine')"" style=""flex:1;font-size:0.65rem;padding:6px 4px;display:flex;align-items:center;justify-content:center;gap:4px;"" disabled>"
web/app/index.html,877,"<button class=""btn btn-outline"" id=""stepBtn_seed_planning"" onclick=""runPlanningStep('seed_planning')"" style=""flex:1;font-size:0.65rem;padding:6px 4px;display:flex;align-items:center;justify-content:center;gap:4px;"" disabled>"
web/app/index.html,880,"<button class=""btn btn-outline"" id=""stepBtn_dose_calc"" onclick=""runPlanningStep('dose_calc')"" style=""flex:1;font-size:0.65rem;padding:6px 4px;display:flex;align-items:center;justify-content:center;gap:4px;"" disabled>"
web/app/index.html,887,"<button class=""btn btn-outline"" id=""stepBtn_dose_eval"" onclick=""runPlanningStep('dose_eval')"" style=""flex:1;font-size:0.65rem;padding:6px 4px;display:flex;align-items:center;justify-content:center;gap:4px;"" disabled>"
web/app/index.html,890,"<button class=""btn btn-outline"" onclick=""showStepResults('all')"" style=""flex:1;font-size:0.65rem;padding:6px 4px;display:flex;align-items:center;justify-content:center;gap:4px;"">"
web/app/index.html,898,"<button class=""btn btn-outline"" onclick=""showStepResults('trajectories')"" style=""font-size:0.6rem;padding:4px 8px;"">Trajectories</button>"
web/app/index.html,899,"<button class=""btn btn-outline"" onclick=""showStepResults('seeds')"" style=""font-size:0.6rem;padding:4px 8px;"">Seeds</button>"
web/app/index.html,900,"<button class=""btn btn-outline"" onclick=""showStepResults('dose')"" style=""font-size:0.6rem;padding:4px 8px;"">Dose</button>"
web/app/index.html,901,"<button class=""btn btn-outline"" onclick=""showStepResults('dvh')"" style=""font-size:0.6rem;padding:4px 8px;"">DVH</button>"
web/app/index.html,902,"<button class=""btn btn-outline"" onclick=""showStepResults('metrics')"" style=""font-size:0.6rem;padding:4px 8px;"">Metrics</button>"
web/app/index.html,908,"<button class=""btn btn-outline"" onclick=""exportDicomRT()"" style=""font-size:0.6rem;padding:4px 8px;"">DICOM-RT</button>"
web/app/index.html,909,"<button class=""btn btn-outline"" onclick=""exportSTL()"" style=""font-size:0.6rem;padding:4px 8px;"">STL</button>"
web/app/index.html,910,"<button class=""btn btn-outline"" onclick=""exportReport()"" style=""font-size:0.6rem;padding:4px 8px;"">Report</button>"
web/app/index.html,916,"<button class=""btn btn-outline"" id=""monitorStartButton"" onclick=""startTrainingMode('Monitor manual/automatic planning')"" data-i18n-zh=""开始监测"" data-i18n-en=""Monitor"">Monitor</button>"
web/app/index.html,917,"<button class=""btn btn-outline"" id=""monitorStopButton"" onclick=""stopTrainingMode()"" data-i18n-zh=""结束监测"" data-i18n-en=""Finish Monitor"" disabled>Finish Monitor</button>"
web/app/index.html,918,"<button class=""btn btn-outline"" onclick=""addManualNeedle()"" data-i18n-zh=""添加穿刺针"" data-i18n-en=""Add Needle"">Add Needle</button>"
web/app/index.html,919,"<button class=""btn btn-outline"" onclick=""addManualSeed()"" data-i18n-zh=""添加粒子"" data-i18n-en=""Add Seed"">Add Seed</button>"
web/app/index.html,920,"<button class=""btn btn-outline"" onclick=""recomputeManualDose('manual_button')"" data-i18n-zh=""重新计算 AI 剂量"" data-i18n-en=""Recompute AI Dose"">Recompute AI Dose</button>"
web/app/index.html,921,"<button class=""btn btn-outline"" onclick=""replanManualPlan()"" data-i18n-zh=""重新规划几何"" data-i18n-en=""Replan Geometry"">Replan Geometry</button>"
web/app/index.html,922,"<button class=""btn btn-outline"" id=""generateSurgicalGuideButton"" onclick=""generateSurgicalGuide()"" data-i18n-zh=""生成导板"" data-i18n-en=""Generate Guide"" disabled>Generate Guide</button>"
web/app/index.html,923,"<button class=""btn btn-outline"" onclick=""exportSurgicalGuideSTL()"" data-i18n-zh=""导出导板 STL"" data-i18n-en=""Export Guide STL"">Export Guide STL</button>"
web/app/index.html,924,"<button class=""btn btn-outline"" onclick=""requestPlanningAdvice()"" data-i18n-zh=""详细建议"" data-i18n-en=""Detailed Advice"">Detailed Advice</button>"
web/app/index.html,925,"<button class=""btn btn-outline"" onclick=""checkSystemReadiness()"" data-i18n-zh=""就绪检查"" data-i18n-en=""Readiness"">Readiness</button>"
web/app/index.html,952,"<label><span data-i18n-zh=""已保存导板版本"" data-i18n-en=""Saved guide version"">Saved guide version</span><select id=""guideVersionSelect"" aria-label=""Saved puncture guide version""></select><button class=""btn btn-outline guide-inline-button"" type=""button"" onclick=""loadSelectedSurgicalGuideVersion()"" data-i18n-zh=""显示所选版本"" data-i18n-en=""Show Selected Version"">Show Selected Version</button></label>"
web/app/index.html,957,"<button class=""btn btn-outline"" type=""button"" onclick=""document.getElementById('guideStlValidationFile').click()"" data-i18n-zh=""校验导入的 STL"" data-i18n-en=""Validate Imported STL"">Validate Imported STL</button>"
web/app/index.html,960,"<button class=""btn btn-outline guide-reset-button"" type=""button"" onclick=""resetSurgicalGuideControls()"" data-i18n-zh=""恢复默认参数"" data-i18n-en=""Restore Default Parameters"">Restore Default Parameters</button>"
web/app/index.html,1081,"<button class=""btn btn-primary"" onclick=""Report.autoFill.fromAll()"""
web/app/index.html,1084,"<button class=""btn btn-outline"" onclick=""Report.preview.refreshContent({persist: true})"""
web/app/index.html,1089,"<select class=""form-select"" id=""reportTemplateSelect"" onchange=""applyReportTemplate(this.value)"" style=""width:auto;"""
web/app/index.html,1104,"<button class=""btn btn-primary"" onclick=""Report.export.pdf()"""
web/app/index.html,1108,"<button class=""btn btn-outline"" onclick=""Report._toggleExportMenu()"""
web/app/index.html,1112,"<div class=""rp-export-item"" onclick=""Report.export.pdf();Report._hideExportMenu()"">📄 PDF (A4)</div>"
web/app/index.html,1113,"<div class=""rp-export-item"" onclick=""Report.export.html();Report._hideExportMenu()"">🌐 HTML (standalone)</div>"
web/app/index.html,1114,"<div class=""rp-export-item"" onclick=""Report.export.markdown();Report._hideExportMenu()"">📝 Markdown</div>"
web/app/index.html,1115,"<div class=""rp-export-item"" onclick=""Report.export.json();Report._hideExportMenu()"">🗂 JSON (form data)</div>"
web/app/index.html,1116,"<div class=""rp-export-item"" onclick=""Report.persist.importJSON();Report._hideExportMenu()"">📂 Import JSON</div>"
web/app/index.html,1123,"<button class=""btn btn-outline"" onclick=""Report.snapshots.save()"""
web/app/index.html,1126,"<button class=""btn btn-outline"" onclick=""Report.snapshots.openModal()"""
web/app/index.html,1129,"<button class=""btn btn-outline"" onclick=""Report.audit.openModal()"""
web/app/index.html,1132,"<button class=""btn btn-outline"" onclick=""Report.review.openModal()"""
web/app/index.html,1137,"<button class=""btn btn-outline"" onclick=""Report.validation.openModal()"""
web/app/index.html,1144,"<button class=""btn btn-outline"" onclick=""Report.preview.zoomOut()"""
web/app/index.html,1147,"<span class=""rp-zoom-indicator"" id=""rpZoomIndicator"" onclick=""Report.preview.zoomReset()"""
web/app/index.html,1150,"<button class=""btn btn-outline"" onclick=""Report.preview.zoomIn()"""
web/app/index.html,1157,"<input type=""checkbox"" checked onchange=""Report.panels.layout2col(this.checked)""/>"
web/app/index.html,1160,"<button class=""btn btn-outline"" onclick=""Report.persist.clear()"""
web/app/index.html,1222,"<select id=""windowPreset"" onchange=""applyWindowPreset()"" style=""background:var(--bg-3);border:1px solid var(--card-border);border-radius:4px;color:var(--text);font-size:0.6rem;padding:2px 4px;"">"
web/app/index.html,1232,"<input type=""number"" id=""viewerWindow"" value=""400"" step=""10"" style=""width:50px;background:var(--bg-3);border:1px solid var(--card-border);border-radius:4px;color:var(--text);font-size:0.65rem;padding:2px 4px;"" onchange=""applyViewerSettings()"">"
web/app/index.html,1236,"<input type=""number"" id=""viewerLevel"" value=""40"" step=""10"" style=""width:50px;background:var(--bg-3);border:1px solid var(--card-border);border-radius:4px;color:var(--text);font-size:0.65rem;padding:2px 4px;"" onchange=""applyViewerSettings()"">"
web/app/index.html,1242,"<input type=""range"" id=""viewerZoom"" min=""50"" max=""300"" value=""100"" step=""10"" style=""width:60px;"" oninput=""applyZoom(this.value)"""
web/app/index.html,1253,"<button class=""file-btn"" id=""viewerThresholdApply"" style=""padding:2px 6px;font-size:0.6rem;"" onclick=""applyThreshold()"" aria-busy=""false"">"
web/app/index.html,1261,"<select id=""displayMode"" onchange=""setDisplayMode()"" style=""background:var(--bg-3);border:1px solid var(--card-border);border-radius:4px;color:var(--text);font-size:0.6rem;padding:2px 4px;"">"
web/app/index.html,1270,"<input type=""checkbox"" id=""overlayCTV"" onchange=""toggleOverlay()""> CTV"
web/app/index.html,1273,"<input type=""checkbox"" id=""overlayOAR"" onchange=""toggleOverlay()""> OAR"
web/app/index.html,1280,"oninput=""setDoseOverlayOpacity(this.value)"""
web/app/index.html,1284,"<button class=""file-btn"" id=""doseTextureToggle"" style=""padding:2px 6px;font-size:0.6rem;white-space:nowrap;"" onclick=""toggleDoseTextureMode()"" title=""Map dose intensity onto CTV/OAR 3D surfaces"">Dose Surface</button>"
web/app/index.html,1285,"<button class=""file-btn"" id=""doseColorbarButton"" style=""padding:2px 6px;font-size:0.6rem;white-space:nowrap;"" onclick=""toggleDoseColorbarPanel()"" title=""Adjust dose colorbar ranges and palette"">Dose Scale</button>"
web/app/index.html,1287,"<div style=""display:flex;align-items:center;justify-content:space-between;gap:8px;font-size:.68rem;font-weight:700;color:var(--text);margin-bottom:7px;""><span>Dose Colorbar</span><button type=""button"" class=""icon-btn"" aria-label=""Close dose colorbar settings"" title=""Close"" onclick=""closeDoseColorbarPanel();"">×</button></div>"
web/app/index.html,1290,"<select id=""doseColorbarScope"" onchange=""syncDoseColorbarControls()"" style=""background:var(--bg-3);color:var(--text);border:1px solid var(--card-border);font-size:.62rem;padding:3px;"">"
web/app/index.html,1303,"<button class=""file-btn"" onclick=""resetDoseColorbarSettings()"" style=""font-size:.6rem;padding:3px 7px;"">Reset</button>"
web/app/index.html,1304,"<button class=""btn btn-primary"" onclick=""applyDoseColorbarSettings()"" style=""font-size:.6rem;padding:3px 8px;"">Apply</button>"
web/app/index.html,1309,"<button class=""file-btn"" style=""padding:2px 6px;font-size:0.6rem;white-space:nowrap;"" onclick=""setViewerTool('crosshair')"" id=""toolCrosshair"">&#10799; Crosshair</button>"
web/app/index.html,1310,"<button class=""file-btn"" style=""padding:2px 6px;font-size:0.6rem;"" onclick=""setViewerTool('measure')"" id=""toolMeasure"">&#128207; Line</button>"
web/app/index.html,1311,"<button class=""file-btn"" style=""padding:2px 6px;font-size:0.6rem;"" onclick=""setViewerTool('angle')"" id=""toolAngle"">&#8736; Angle</button>"
web/app/index.html,1312,"<button class=""file-btn"" style=""padding:2px 6px;font-size:0.6rem;"" onclick=""setViewerTool('rect')"" id=""toolRect"">&#9633; Rect</button>"
web/app/index.html,1313,"<button class=""file-btn"" style=""padding:2px 6px;font-size:0.6rem;"" onclick=""setViewerTool('zoombox')"" id=""toolZoombox"">&#128269; Zoom</button>"
web/app/index.html,1314,"<button class=""file-btn"" style=""padding:2px 6px;font-size:0.6rem;"" onclick=""setViewerTool('annotate')"" id=""toolAnnotate"">&#9998; Draw</button>"
web/app/index.html,1315,"<button class=""file-btn"" style=""padding:2px 6px;font-size:0.6rem;"" onclick=""setViewerTool('eraser')"" id=""toolEraser"">&#9003; Erase</button>"
web/app/index.html,1316,"<button hidden class=""file-btn"" style=""padding:2px 6px;font-size:0.6rem;color:#4ade80;"" onclick=""setViewerTool('sat3d_positive')"" id=""toolSat3dPositive"" title=""SAT3D positive point"">SAT3D +</button>"
web/app/index.html,1317,"<button hidden class=""file-btn"" style=""padding:2px 6px;font-size:0.6rem;color:#fb7185;"" onclick=""setViewerTool('sat3d_negative')"" id=""toolSat3dNegative"" title=""SAT3D negative point"">SAT3D -</button>"
web/app/index.html,1318,"<button hidden class=""file-btn"" style=""padding:2px 6px;font-size:0.6rem;"" onclick=""clearSat3dPromptPoints()"" id=""toolSat3dClear"" title=""Clear SAT3D points"">Clear pts</button>"
web/app/index.html,1320,"<button class=""file-btn"" style=""padding:2px 6px;font-size:0.6rem;"" onclick=""viewerFlipH()"">&#8644; FlipH</button>"
web/app/index.html,1321,"<button class=""file-btn"" style=""padding:2px 6px;font-size:0.6rem;"" onclick=""viewerFlipV()"">&#8645; FlipV</button>"
web/app/index.html,1322,"<button class=""file-btn"" style=""padding:2px 6px;font-size:0.6rem;"" onclick=""viewerRotate()"">&#8634; Rotate</button>"
web/app/index.html,1323,"<button class=""file-btn"" style=""padding:2px 6px;font-size:0.6rem;"" onclick=""viewerUndo()"">&#8617; Undo</button>"
web/app/index.html,1324,"<button class=""file-btn"" style=""padding:2px 6px;font-size:0.6rem;"" onclick=""viewerRedo()"">&#8618; Redo</button>"
web/app/index.html,1325,"<button class=""file-btn"" style=""padding:2px 6px;font-size:0.6rem;"" onclick=""fitView()"">&#8981; Fit</button>"
web/app/index.html,1326,"<button class=""file-btn"" style=""padding:2px 6px;font-size:0.6rem;"" onclick=""resetViewer()"">&#8635; Reset</button>"
web/app/index.html,1330,"onclick=""reconstruct3D()"""
web/app/index.html,1342,"<button class=""file-btn layout-btn"" data-layout=""vertical"" onclick=""setViewerLayout('vertical')"" title=""1 column"" style=""padding:2px 5px;font-size:0.6rem;"">&#9776;</button>"
web/app/index.html,1343,"<button class=""file-btn layout-btn"" data-layout=""horizontal"" onclick=""setViewerLayout('horizontal')"" title=""1 row"" style=""padding:2px 5px;font-size:0.6rem;"">&#9783;</button>"
web/app/index.html,1344,"<button class=""file-btn layout-btn"" data-layout=""grid"" onclick=""setViewerLayout('grid')"" title=""2x2 Grid"" style=""padding:2px 5px;font-size:0.6rem;"">&#9638;</button>"
web/app/index.html,1345,"<button class=""file-btn layout-btn active"" data-layout=""3d-top"" onclick=""setViewerLayout('3d-top')"" title=""3D top + 3 viewers (default)"" style=""padding:2px 5px;font-size:0.6rem;"">&#9650;</button>"
web/app/index.html,1346,"<button class=""file-btn layout-btn"" data-layout=""3d-bottom"" onclick=""setViewerLayout('3d-bottom')"" title=""3 viewers + 3D"" style=""padding:2px 5px;font-size:0.6rem;"">&#9660;</button>"
web/app/index.html,1371,"<button class=""viewer-card-expand-btn"" onclick=""toggleViewerFullscreen('axial')"" title=""Fullscreen"""
web/app/index.html,1406,"<input type=""range"" min=""0"" max=""100"" value=""50"" id=""sliderAxial"" oninput=""updateSlice('axial', this.value)"">"
web/app/index.html,1415,"<button class=""viewer-card-expand-btn"" onclick=""toggleViewerFullscreen('sagittal')"" title=""Fullscreen"""
web/app/index.html,1450,"<input type=""range"" min=""0"" max=""100"" value=""50"" id=""sliderSagittal"" oninput=""updateSlice('sagittal', this.value)"">"
web/app/index.html,1459,"<button class=""viewer-card-expand-btn"" onclick=""toggleViewerFullscreen('coronal')"" title=""Fullscreen"""
web/app/index.html,1494,"<input type=""range"" min=""0"" max=""100"" value=""50"" id=""sliderCoronal"" oninput=""updateSlice('coronal', this.value)"">"
web/app/index.html,1503,"<button class=""viewer-card-expand-btn"" onclick=""toggleViewerFullscreen('3d')"" title=""Fullscreen"""
web/app/index.html,1536,"<button class=""file-btn"" style=""padding:2px 5px;font-size:0.55rem;"" onclick=""reset3DView()"" title=""Reset camera"">&#8635; Reset</button>"
web/app/index.html,1539,"<input type=""range"" min=""0"" max=""100"" value=""70"" id=""meshOpacity3D"" oninput=""update3DMeshOpacity(this.value)"" style=""width:50px;"">"
web/app/index.html,1542,"<input type=""checkbox"" id=""wireframe3D"" onchange=""toggle3DWireframe(this.checked)"">"
web/app/index.html,1547,"<input type=""checkbox"" id=""skinToggle3D"" onchange=""toggle3DSkin(this.checked)"">"
web/app/index.html,1552,"<input type=""range"" min=""0"" max=""100"" value=""40"" id=""doseOpacity"" oninput=""updateDoseOpacity(this.value)"">"
web/app/index.html,1555,"<input type=""checkbox"" id=""labelShow3d"" checked onchange=""updateLabelImage('3d')"">"
web/app/index.html,1559,"<input type=""range"" min=""0"" max=""100"" value=""60"" id=""labelOp3d"" oninput=""updateLabelImage('3d')"">"
web/app/static/js/brachybot-3d-manual.js,2370,"window.addEventListener('pagehide', () => {"
web/app/static/js/brachybot-3d-manual.js,2984,"scene3D.renderer.domElement.addEventListener('webglcontextlost', (event) => {"
web/app/static/js/brachybot-3d-manual.js,2989,"scene3D.renderer.domElement.addEventListener('webglcontextrestored', () => {"
web/app/static/js/brachybot-3d-manual.js,3433,"scene3D.renderer.domElement.addEventListener('pointerdown', markCameraInteraction, true);"
web/app/static/js/brachybot-3d-manual.js,3434,"scene3D.renderer.domElement.addEventListener('mousedown', markCameraInteraction, true);"
web/app/static/js/brachybot-3d-manual.js,3435,"scene3D.renderer.domElement.addEventListener('wheel', markCameraInteraction, {"
web/app/static/js/brachybot-3d-manual.js,3439,"scene3D.controls.addEventListener('start', markCameraInteraction);"
web/app/static/js/brachybot-3d-manual.js,3440,"scene3D.controls.addEventListener('start', () => { scene3D.peelingInteraction = true; });"
web/app/static/js/brachybot-3d-manual.js,3441,"scene3D.controls.addEventListener('end', () => {"
web/app/static/js/brachybot-3d-manual.js,3445,"scene3D.controls.addEventListener('change', () => requestRender(8));"
web/app/static/js/brachybot-3d-manual.js,3446,"document.addEventListener('visibilitychange', () => {"
web/app/static/js/brachybot-3d-manual.js,3460,"window.addEventListener('resize', () => {"
web/app/static/js/brachybot-3d-manual.js,3615,"interactionCanvas.addEventListener('mousedown', beginNeedleHandleDrag, true);"
web/app/static/js/brachybot-3d-manual.js,3616,"interactionCanvas.addEventListener('pointerdown', beginNeedleHandleDrag, true);"
web/app/static/js/brachybot-3d-manual.js,3617,"interactionCanvas.addEventListener('mousedown', (event) => {"
web/app/static/js/brachybot-3d-manual.js,3624,"interactionCanvas.addEventListener('pointerdown', (event) => {"
web/app/static/js/brachybot-3d-manual.js,3663,"interactionCanvas.addEventListener('pointermove', scheduleNeedleHandleHover, true);"
web/app/static/js/brachybot-3d-manual.js,3665,"interactionCanvas.addEventListener('mousemove', scheduleNeedleHandleHover, true);"
web/app/static/js/brachybot-3d-manual.js,3806,interactionCanvas.addEventListener(
web/app/static/js/brachybot-3d-manual.js,3812,interactionCanvas.addEventListener(
web/app/static/js/brachybot-3d-manual.js,3934,"window.addEventListener('pointermove', updateManualDrag);"
web/app/static/js/brachybot-3d-manual.js,3936,"window.addEventListener('mousemove', updateManualDrag);"
web/app/static/js/brachybot-3d-manual.js,4046,"window.addEventListener('pointerup', finishManualDrag);"
web/app/static/js/brachybot-3d-manual.js,4047,"window.addEventListener('pointercancel', finishManualDrag);"
web/app/static/js/brachybot-3d-manual.js,4049,"window.addEventListener('mouseup', finishManualDrag);"
web/app/static/js/brachybot-3d-manual.js,4051,"window.addEventListener('blur', finishManualDrag);"
web/app/static/js/brachybot-3d-manual.js,4054,"interactionCanvas.addEventListener('contextmenu', (event) => {"
web/app/static/js/brachybot-3d-manual.js,4127,"items += `<div class=""ctx-menu-item"" onclick=""hideContextMenu();highlightSeed('${id}')"">"
web/app/static/js/brachybot-3d-manual.js,4130,"items += `<div class=""ctx-menu-item"" onclick=""hideContextMenu();showSeedDose('${id}')"">"
web/app/static/js/brachybot-3d-manual.js,4135,"items += `<div class=""ctx-menu-item"" onclick=""hideContextMenu();restoreAlgorithmPlan()"">"
web/app/static/js/brachybot-3d-manual.js,4139,"items += `<div class=""ctx-menu-item"" onclick=""hideContextMenu();deleteSeed3D('${id}')"">"
web/app/static/js/brachybot-3d-manual.js,4145,"items += `<div class=""ctx-menu-item"" onclick=""hideContextMenu();showNeedleSeeds('${id}')"">"
web/app/static/js/brachybot-3d-manual.js,4149,"items += `<div class=""ctx-menu-item"" onclick=""hideContextMenu();deleteNeedle3D('${id}')"">"
web/app/static/js/brachybot-3d-manual.js,4154,"items += `<div class=""ctx-menu-item"" onclick=""hideContextMenu();addManualSeed('${needleId}', {source:'3d_context'})"">"
web/app/static/js/brachybot-3d-manual.js,4156,"items += `<div class=""ctx-menu-item"" onclick=""hideContextMenu();restoreNeedleToAlgorithm('${needleId}')"">"
web/app/static/js/brachybot-3d-manual.js,4158,"items += `<div class=""ctx-menu-item"" onclick=""hideContextMenu();setNeedleVisibilityFrom3D('${needleId}', true)"">"
web/app/static/js/brachybot-3d-manual.js,4160,"items += `<div class=""ctx-menu-item"" onclick=""hideContextMenu();setNeedleVisibilityFrom3D('${needleId}', false)"">"
web/app/static/js/brachybot-3d-manual.js,4166,"items += `<div class=""ctx-menu-item"" onclick=""hideContextMenu();setNeedleOpacityFrom3D('${needleId}', ${opacity / 100})"">"
web/app/static/js/brachybot-3d-manual.js,4170,"items += `<div class=""ctx-menu-item"" onclick=""hideContextMenu();deleteNeedle3D('${needleId}')"">"
web/app/static/js/brachybot-3d-manual.js,4176,"items += `<div class=""ctx-menu-item"" onclick=""hideContextMenu();clearSelection()"">"
web/app/static/js/brachybot-3d-manual.js,7166,"externalSignal.addEventListener('abort', abortFromCaller, { once: true });"
web/app/static/js/brachybot-3d-manual.js,8329,"window.addEventListener('i18nchange', () => {"
web/app/static/js/brachybot-3d-manual.js,8426,"window.addEventListener('brachybot:planning-run-started', event => {"
web/app/static/js/brachybot-3d-manual.js,8431,"window.addEventListener('brachybot:dose-result-updated', event => {"
web/app/static/js/brachybot-3d-manual.js,8868,"document.addEventListener('click', (event) => {"
web/app/static/js/brachybot-3d-manual.js,8874,"document.addEventListener('keydown', (event) => {"
web/app/static/js/brachybot-auth.js,277,"takeover.addEventListener('click', async () => {"
web/app/static/js/brachybot-auth.js,443,"toggle.addEventListener('click', () => {"
web/app/static/js/brachybot-auth.js,496,"btn.addEventListener('click', (ev) => {"
web/app/static/js/brachybot-auth.js,761,"window.addEventListener('i18nchange', () => {"
web/app/static/js/brachybot-auth.js,773,"form.addEventListener('submit', (ev) => {"
web/app/static/js/brachybot-auth.js,780,"if (loginBtn) loginBtn.addEventListener('click', () => submit('login'));"
web/app/static/js/brachybot-auth.js,781,"if (registerBtn) registerBtn.addEventListener('click', () => submit('register'));"
web/app/static/js/brachybot-auth.js,785,"if (el) el.addEventListener('input', () => {"
web/app/static/js/brachybot-auth.js,794,"if (depKey) depKey.addEventListener('keydown', (event) => {"
web/app/static/js/brachybot-auth.js,799,"document.getElementById('accountLogout')?.addEventListener('click', () => api.logout());"
web/app/static/js/brachybot-auth.js,800,"document.getElementById('accountPassword')?.addEventListener('click', () => {"
web/app/static/js/brachybot-auth.js,804,"document.getElementById('passwordCancel')?.addEventListener('click', () => setPasswordVisible(false));"
web/app/static/js/brachybot-auth.js,806,"if (pwForm) pwForm.addEventListener('submit', (ev) => {"
web/app/static/js/brachybot-auth.js,811,"if (newPw) newPw.addEventListener('keydown', (event) => {"
web/app/static/js/brachybot-auth.js,816,"document.getElementById('importLegacyWorkspace')?.addEventListener('click', async () => {"
web/app/static/js/brachybot-auth.js,825,"document.addEventListener('DOMContentLoaded', async () => {"
web/app/static/js/brachybot-auth.js,831,"document.addEventListener('visibilitychange', () => { if (!document.hidden) refreshLease(); });"
web/app/static/js/brachybot-auth.js,832,"window.addEventListener('pagehide', () => {"
web/app/static/js/brachybot-chat-core.js,462,input.onkeydown = (e) => {
web/app/static/js/brachybot-chat-core.js,502,"return '<div class=""session-item' + active + archiveClass + '"" onclick=""switchSession(&#39;' + s.id + '&#39;)""'"
web/app/static/js/brachybot-chat-core.js,503,"+ ' oncontextmenu=""openSessionContextMenu(event,&#39;' + s.id + '&#39;)"">'"
web/app/static/js/brachybot-chat-core.js,510,"+ '<button class=""session-item-btn"" onclick=""startRenameSession(&#39;' + s.id + '&#39;, event)"" title=""Rename"">&#9998;</button>'"
web/app/static/js/brachybot-chat-core.js,511,"+ '<button class=""session-item-btn delete"" onclick=""event.stopPropagation();deleteSession(&#39;' + s.id + '&#39;)"" title=""Delete"">&#10005;</button>'"
web/app/static/js/brachybot-chat-core.js,1626,copyBtn.onclick = () => {
web/app/static/js/brachybot-chat-core.js,1785,"image.addEventListener('error', () => { void recoverImage(); });"
web/app/static/js/brachybot-chat-core.js,1798,button.onclick = () => {
web/app/static/js/brachybot-chat-core.js,2061,copyBtn.onclick = () => {
web/app/static/js/brachybot-chat-core.js,2940,"container.addEventListener('scroll', () => {"
web/app/static/js/brachybot-chat-core.js,3128,"header.onclick = () => toggleThinkingChain(wrapper, steps);"
web/app/static/js/brachybot-chat-core.js,3170,"'<div class=""step-header"" onclick=""toggleStep(\'' + bodyDomId + '\')"">' +"
web/app/static/js/brachybot-chat-core.js,3262,"header.onclick = () => toggleThinkingChain(wrapper, []);"
web/app/static/js/brachybot-chat-core.js,3353,"'<div class=""step-header"" onclick=""toggleStep(\'' + bodyDomId + '\')"">' +"
web/app/static/js/brachybot-chat-todo.js,159,"document.addEventListener('brachy:ui-action-progress', (event) => {"
web/app/static/js/brachybot-chat-todo.js,236,toggle.onclick = () => {
web/app/static/js/brachybot-chat-todo.js,703,"item._gpuAbort.signal.addEventListener('abort', cancelWithItem, { once: true });"
web/app/static/js/brachybot-chat-todo.js,1156,"document.addEventListener('DOMContentLoaded', _initializeChatInputLayout, { once: true });"
web/app/static/js/brachybot-chat-todo.js,1267,"// this file referenced it from onclick=""sendChat()"" but the function"
web/app/static/js/brachybot-chat-todo.js,1300,"signal?.addEventListener('abort', abort, { once: true });"
web/app/static/js/brachybot-chat-todo.js,2358,"document.addEventListener('visibilitychange', visibilityHandler);"
web/app/static/js/brachybot-data-export.js,176,"row.querySelector('input').addEventListener('change', event => {"
web/app/static/js/brachybot-data-export.js,179,"row.querySelector('[data-export-disclosure]')?.addEventListener('click', event => {"
web/app/static/js/brachybot-data-export.js,188,"input.addEventListener('change', () => {"
web/app/static/js/brachybot-data-export.js,453,overlay.querySelector('[data-export-close]').onclick = cancelOrClose;
web/app/static/js/brachybot-data-export.js,454,overlay.querySelector('[data-export-cancel]').onclick = cancelOrClose;
web/app/static/js/brachybot-data-export.js,455,overlay.querySelector('[data-export-folder]').onclick = () => chooseDirectory().catch(error => {
web/app/static/js/brachybot-data-export.js,458,overlay.querySelector('[data-export-start]').onclick = startExport;
web/app/static/js/brachybot-data-export.js,459,overlay.querySelector('[data-export-all]').onclick = () => {
web/app/static/js/brachybot-data-export.js,466,overlay.querySelector('[data-export-none]').onclick = () => {
web/app/static/js/brachybot-data-export.js,473,"overlay.addEventListener('pointerdown', event => {"
web/app/static/js/brachybot-data-export.js,493,menu.querySelector('[data-session-archive]').onclick = () => {
web/app/static/js/brachybot-data-export.js,501,menu.querySelector('[data-session-export]').onclick = () => {
web/app/static/js/brachybot-data-export.js,515,"setTimeout(() => document.addEventListener('pointerdown', () => menu.remove(), { once: true }), 0);"
web/app/static/js/brachybot-dvh-planning.js,313,"dvhEl.addEventListener('mouseleave', onLeave);"
web/app/static/js/brachybot-dvh-planning.js,3250,"window.addEventListener('i18nchange', () => {"
web/app/static/js/brachybot-manual-annotation.js,631,"const btn = document.querySelector(`button[onclick=""runPlanningStep('${step}')""]`);"
web/app/static/js/brachybot-manual-annotation.js,1132,"const el = document.querySelector('button[onclick=""' + onclick + '""]');"
web/app/static/js/brachybot-manual-annotation.js,1168,"ctPathEl.addEventListener('input', () => {"
web/app/static/js/brachybot-manual-annotation.js,1171,"ctPathEl.addEventListener('change', () => {"
web/app/static/js/brachybot-manual-annotation.js,2235,"menu.querySelector('[data-delete-seed]')?.addEventListener('click', () => {"
web/app/static/js/brachybot-manual-annotation.js,2254,"sliceCanvas.addEventListener('pointerdown', event => {"
web/app/static/js/brachybot-manual-annotation.js,2285,"sliceCanvas.addEventListener('pointermove', event => {"
web/app/static/js/brachybot-manual-annotation.js,2308,"sliceCanvas.addEventListener('pointerup', event => _finishSeed2DDrag(event), true);"
web/app/static/js/brachybot-manual-annotation.js,2309,"sliceCanvas.addEventListener('pointercancel', event => _finishSeed2DDrag(event, true), true);"
web/app/static/js/brachybot-manual-annotation.js,2310,"sliceCanvas.addEventListener('contextmenu', event => {"
web/app/static/js/brachybot-manual-annotation.js,3419,"sliceCanvas.addEventListener('mousedown', (e) => {"
web/app/static/js/brachybot-manual-annotation.js,3440,"sliceCanvas.addEventListener('mousemove', (e) => {"
web/app/static/js/brachybot-manual-annotation.js,3539,"sliceCanvas.addEventListener('mouseup', (e) => {"
web/app/static/js/brachybot-manual-annotation.js,3686,"sliceCanvas.addEventListener('mouseleave', () => {"
web/app/static/js/brachybot-manual-annotation.js,3737,"canvas.addEventListener('wheel', (e) => {"
web/app/static/js/brachybot-manual-annotation.js,3771,"canvas.addEventListener('mousedown', (e) => {"
web/app/static/js/brachybot-manual-annotation.js,3782,"canvas.addEventListener('mousemove', (e) => {"
web/app/static/js/brachybot-manual-annotation.js,3822,"canvas.addEventListener('mouseup', () => {"
web/app/static/js/brachybot-manual-annotation.js,3837,"canvas.addEventListener('mouseleave', () => {"
web/app/static/js/brachybot-manual-annotation.js,3853,"canvas.addEventListener('click', (e) => {"
web/app/static/js/brachybot-manual-annotation.js,3868,"canvas.addEventListener('dblclick', (e) => {"
web/app/static/js/brachybot-monitor-dashboard.js,22,"node.addEventListener('click', action); return node;"
web/app/static/js/brachybot-monitor-dashboard.js,75,"toggle.addEventListener('change', () => window.setMonitorAutoCompare(toggle.checked));"
web/app/static/js/brachybot-monitor-interaction.js,184,"button.addEventListener('click', async () => {"
web/app/static/js/brachybot-range-stepper.js,165,"decrease.addEventListener('pointerdown', event => {"
web/app/static/js/brachybot-range-stepper.js,168,"increase.addEventListener('pointerdown', event => {"
web/app/static/js/brachybot-range-stepper.js,171,"decrease.addEventListener('click', event => {"
web/app/static/js/brachybot-range-stepper.js,176,"increase.addEventListener('click', event => {"
web/app/static/js/brachybot-range-stepper.js,181,"input.addEventListener('input', () => syncButtonState(input));"
web/app/static/js/brachybot-range-stepper.js,182,"input.addEventListener('change', () => syncButtonState(input));"
web/app/static/js/brachybot-range-stepper.js,207,"document.addEventListener('click', event => {"
web/app/static/js/brachybot-report-editor.js,42,"srcReset = `<span class=""rp-source-reset"" title=""Reset to auto"" onclick=""Report.sources.resetTo(${resetArg})"">↻</span>`;"
web/app/static/js/brachybot-report-editor.js,50,"inputHtml = `<textarea id=""${id}"" data-key=""${opts.key}"" class=""form-input"" rows=""${opts.rows || 3}"" placeholder=""${opts.placeholder || ''}"" oninput=""onReportFieldEdit('${opts.key}')"">${escHtml(String(opts.value || ''))}</textarea>`;"
web/app/static/js/brachybot-report-editor.js,53,"inputHtml = `<input id=""${id}"" data-key=""${opts.key}"" class=""form-input"" type=""${opts.type || 'text'}"" placeholder=""${opts.placeholder || ''}"" value=""${escHtml(tval)}"" step=""${opts.step || 'any'}"" ${opts.min !== undefined ? `min=""${opts.min}""` : ''} ${opts.max !== undefined ? `max=""${opts.max}""` : ''} oninput=""onReportFieldEdit('${opts.key}')""/>`;"
web/app/static/js/brachybot-report-editor.js,66,"<div class=""rp-form-section-header"" onclick=""toggleReportSection('${key}')"">"
web/app/static/js/brachybot-report-editor.js,213,"<td><input value=""${escHtml(o.organ || '')}"" oninput=""updateOARDoseRow(${i}, 'organ', this.value)""/></td>"
web/app/static/js/brachybot-report-editor.js,214,"<td><input value=""${o.d2cc ?? ''}"" type=""number"" step=""0.1"" oninput=""updateOARDoseRow(${i}, 'd2cc', this.value)""/></td>"
web/app/static/js/brachybot-report-editor.js,215,"<td><input value=""${o.d1cc ?? ''}"" type=""number"" step=""0.1"" oninput=""updateOARDoseRow(${i}, 'd1cc', this.value)""/></td>"
web/app/static/js/brachybot-report-editor.js,216,"<td><input value=""${o.d0_1cc ?? ''}"" type=""number"" step=""0.1"" oninput=""updateOARDoseRow(${i}, 'd0_1cc', this.value)""/></td>"
web/app/static/js/brachybot-report-editor.js,217,"<td><input value=""${o.v100 ?? ''}"" type=""number"" step=""0.1"" oninput=""updateOARDoseRow(${i}, 'v100', this.value)""/></td>"
web/app/static/js/brachybot-report-editor.js,219,"<button onclick=""removeOARDoseRow(${i})"" class=""btn btn-outline"" style=""height:22px;padding:0 6px;font-size:0.65rem;color:var(--danger);"">✕</button>"
web/app/static/js/brachybot-report-editor.js,236,"<button class=""btn btn-outline"" onclick=""addOARDoseRow()"">${s.addButtonLabel || '+ Add'}</button>"
web/app/static/js/brachybot-report-editor.js,253,"<button onclick=""removeReportReference(${i})"" class=""btn btn-outline"" style=""height:22px;padding:0 6px;font-size:0.65rem;color:var(--danger);"">✕</button>"
web/app/static/js/brachybot-report-editor.js,260,"<select onchange=""if(this.value){addReportReferenceFromCatalog(this.value);this.value='';}"" class=""form-select"" style=""font-size:0.7rem;margin-bottom:5px;"">"
web/app/static/js/brachybot-report-editor.js,276,"<button onclick=""addReportReferenceCustom()"" class=""btn btn-primary"">${editorLabels.add}</button>"
web/app/static/js/brachybot-report-editor.js,306,"<button onclick=""removeReportFigure(${i})"" class=""btn btn-outline"" style=""height:22px;padding:0 6px;font-size:0.65rem;color:var(--danger);"">✕</button>"
web/app/static/js/brachybot-report-editor.js,313,"<button class=""btn btn-outline"" onclick=""captureReportFigure2D()"">${editorLabels.capture2d}</button>"
web/app/static/js/brachybot-report-editor.js,314,"<button class=""btn btn-outline"" onclick=""captureReportFigure3D()"">${editorLabels.capture3d}</button>"
web/app/static/js/brachybot-report-editor.js,317,"<input type=""file"" accept=""image/png,image/jpeg,image/webp"" onchange=""uploadReportFigure(event)"" style=""display:none;""/>"
web/app/static/js/brachybot-report-editor.js,346,"image.addEventListener('error', () => {"
web/app/static/js/brachybot-report-editor.js,1204,"window.addEventListener('brachybot:planning-run-started', event => {"
web/app/static/js/brachybot-report-editor.js,1207,"window.addEventListener('brachybot:planning-run-finished', event => {"
web/app/static/js/brachybot-report-export.js,552,input.onchange = (e) => {
web/app/static/js/brachybot-report-export.js,1912,"image.addEventListener('error', () => {"
web/app/static/js/brachybot-report-export.js,2053,"image.addEventListener('load', resolve, { once: true });"
web/app/static/js/brachybot-report-export.js,2054,"image.addEventListener('error', resolve, { once: true });"
web/app/static/js/brachybot-report-export.js,2429,"document.addEventListener('DOMContentLoaded', initReportPanel);"
web/app/static/js/brachybot-report-export.js,2454,"document.addEventListener('DOMContentLoaded', () => window.startBrachyBotApplication());"
web/app/static/js/brachybot-report-export.js,2499,"window.addEventListener('i18nchange', (ev) => {"
web/app/static/js/brachybot-report-export.js,2536,"document.addEventListener('pointerup', () => {"
web/app/static/js/brachybot-report-export.js,2545,"document.addEventListener('pointercancel', () => {"
web/app/static/js/brachybot-report-shell.js,220,"return `<span data-source-key=""${safeKey}"" style=""background:${colors[src]};color:#fff;font-size:0.58rem;padding:1px 6px;border-radius:8px;margin-left:4px;letter-spacing:0.04em;vertical-align:middle;cursor:help;"" title=""Click reset to restore auto"">${labels[src] || src}</span><span onclick=""Report.sources.resetTo(${callArg})"" title=""Reset to auto"" style=""cursor:pointer;margin-left:3px;font-size:0.7rem;color:#94a3b8;"">reset</span>`;"
web/app/static/js/brachybot-report-shell.js,391,"if (!host._rpZoomWired) host.addEventListener('wheel', (e) => {"
web/app/static/js/brachybot-report-shell.js,400,"host.addEventListener('load', refresh, true);"
web/app/static/js/brachybot-report-shell.js,421,"document.addEventListener('DOMContentLoaded', _installWheelHandler);"
web/app/static/js/brachybot-report-shell.js,429,"document.addEventListener('keydown', (e) => {"
web/app/static/js/brachybot-report-shell.js,1316,"add?.addEventListener('click', async () => {"
web/app/static/js/brachybot-report-shell.js,1335,"button.addEventListener('click', async () => {"
web/app/static/js/brachybot-report-shell.js,1415,"<button onclick=""Report.snapshots.restore(${realIdx}).then(ok => { if (ok) Report._closeModal(); });"" style=""background:#0ea5e9;color:#fff;border:none;padding:3px 10px;border-radius:3px;cursor:pointer;"">Restore</button>"
web/app/static/js/brachybot-report-shell.js,1536,"ov.querySelector('.rp-modal-close').addEventListener('click', () => close());"
web/app/static/js/brachybot-report-shell.js,1537,"ov.addEventListener('click', (event) => { if (event.target === ov) close(); });"
web/app/static/js/brachybot-report-shell.js,1538,"ov.addEventListener('keydown', (event) => {"
web/app/static/js/brachybot-report-shell.js,1569,"el.addEventListener('input', update);"
web/app/static/js/brachybot-report-shell.js,1658,"document.addEventListener('click', (e) => {"
web/app/static/js/brachybot-report-shell.js,1683,"el.addEventListener('mouseenter', () => { el.style.background = '#f0f9ff'; });"
web/app/static/js/brachybot-report-shell.js,1684,"el.addEventListener('mouseleave', () => { el.style.background = ''; });"
web/app/static/js/brachybot-report-shell.js,1685,"el.addEventListener('click', () => {"
web/app/static/js/brachybot-report-shell.js,1709,"inp.addEventListener('input', () => {"
web/app/static/js/brachybot-report-shell.js,1713,"inp.addEventListener('blur', () => setTimeout(hide, 200));"
web/app/static/js/brachybot-report-shell.js,1757,"document.addEventListener('keydown', (e) => {"
web/app/static/js/brachybot-report-shell.js,1859,"splitter.addEventListener('pointerdown', (event) => {"
web/app/static/js/brachybot-report-shell.js,1873,"splitter.addEventListener('pointermove', (event) => {"
web/app/static/js/brachybot-report-shell.js,1897,"splitter.addEventListener('pointerup', finish);"
web/app/static/js/brachybot-report-shell.js,1898,"splitter.addEventListener('pointercancel', finish);"
web/app/static/js/brachybot-report-shell.js,1899,"splitter.addEventListener('lostpointercapture', () => {"
web/app/static/js/brachybot-report-shell.js,1909,"splitter.addEventListener('keydown', (event) => {"
web/app/static/js/brachybot-report-shell.js,2128,"document.addEventListener('DOMContentLoaded', () => {"
web/app/static/js/brachybot-surgical-guide.js,247,"control.addEventListener('input', saveParameters);"
web/app/static/js/brachybot-surgical-guide.js,248,"control.addEventListener('change', saveParameters);"
web/app/static/js/brachybot-surgical-guide.js,259,"channelInput?.addEventListener('input', syncAuxiliaryDiameter);"
web/app/static/js/brachybot-surgical-guide.js,260,"channelInput?.addEventListener('change', syncAuxiliaryDiameter);"
web/app/static/js/brachybot-surgical-guide.js,265,"needleSelection.addEventListener('change', saveParameters);"
web/app/static/js/brachybot-surgical-guide.js,979,"document.getElementById(GUIDE_STL_VALIDATION_FILE_ID)?.addEventListener('change', event => {"
web/app/static/js/brachybot-surgical-guide.js,985,"window.addEventListener('i18nchange', () => {"
web/app/static/js/brachybot-theme.js,86,"button.addEventListener('click', toggleTheme);"
web/app/static/js/brachybot-theme.js,94,"window.addEventListener('i18nchange', function () {"
web/app/static/js/brachybot-theme.js,99,"document.addEventListener('DOMContentLoaded', bindThemeControl, { once: true });"
web/app/static/js/brachybot-ui-api.js,38,"close.addEventListener('click', dismiss);"
web/app/static/js/brachybot-ui-api.js,1243,// Property-assigned handlers (element.onclick = fn) do not pass through
web/app/static/js/brachybot-ui-api.js,1850,"button.addEventListener('click', async () => {"
web/app/static/js/brachybot-ui-api.js,2162,"owner.signal?.addEventListener('abort', cancel, {once:true});"
web/app/static/js/brachybot-ui-api.js,3078,"document.addEventListener('click', (event) => {"
web/app/static/js/brachybot-ui-api.js,3089,"document.addEventListener('change', (event) => {"
web/app/static/js/brachybot-ui-api.js,3099,"document.addEventListener('input', (event) => {"
web/app/static/js/brachybot-ui-api.js,3659,"window.addEventListener('i18nchange', () => {"
web/app/static/js/brachybot-ui-api.js,3701,"select.addEventListener('change', () => {"
web/app/static/js/brachybot-ui-api.js,3731,"control.addEventListener('change', () => {"
web/app/static/js/brachybot-ui-api.js,3905,"window.addEventListener('i18nchange', _syncTumorTypeSelectorAppearance);"
web/app/static/js/brachybot-ui-api.js,3910,"window.addEventListener('brachybot:auth-ready', () => {"
web/app/static/js/brachybot-ui-api.js,3913,"window.addEventListener('brachybot:api-key-changed', () => {"
web/app/static/js/brachybot-ui-api.js,6332,"control.addEventListener('change', () => {"
web/app/static/js/brachybot-ui-api.js,6399,"close.addEventListener('click', () => banner.remove());"
web/app/static/js/brachybot-ui-api.js,6625,"handle.addEventListener('mousedown', e => {"
web/app/static/js/brachybot-ui-api.js,6640,"document.addEventListener('mousemove', e => {"
web/app/static/js/brachybot-ui-api.js,6656,"document.addEventListener('mouseup', () => {"
web/app/static/js/brachybot-ui-api.js,6714,"splitter.addEventListener('pointerdown', _startDrag);"
web/app/static/js/brachybot-ui-api.js,6715,"splitter.addEventListener('mousedown', _startDrag);"
web/app/static/js/brachybot-ui-api.js,6741,"document.addEventListener('pointermove', _onPointerMove);"
web/app/static/js/brachybot-ui-api.js,6742,"document.addEventListener('mousemove', _onPointerMove);"
web/app/static/js/brachybot-ui-api.js,6756,"splitter.addEventListener('pointerup', _endDrag);"
web/app/static/js/brachybot-ui-api.js,6757,"splitter.addEventListener('pointercancel', _endDrag);"
web/app/static/js/brachybot-ui-api.js,6758,"document.addEventListener('pointerup', _endDrag);"
web/app/static/js/brachybot-ui-api.js,6759,"document.addEventListener('pointercancel', _endDrag);"
web/app/static/js/brachybot-ui-api.js,6760,"document.addEventListener('mouseup', _endDrag);"
web/app/static/js/brachybot-ui-api.js,6795,"handle.addEventListener('pointerdown', (e) => {"
web/app/static/js/brachybot-ui-api.js,6816,"document.addEventListener('pointermove', _onPointerMove);"
web/app/static/js/brachybot-ui-api.js,6826,"handle.addEventListener('pointerup', _endDrag);"
web/app/static/js/brachybot-ui-api.js,6827,"handle.addEventListener('pointercancel', _endDrag);"
web/app/static/js/brachybot-ui-api.js,6828,"document.addEventListener('pointerup', _endDrag);"
web/app/static/js/brachybot-ui-api.js,6829,"document.addEventListener('pointercancel', _endDrag);"
web/app/static/js/brachybot-ui-api.js,6868,"handle.addEventListener('pointerdown', (e) => {"
web/app/static/js/brachybot-ui-api.js,6891,"document.addEventListener('pointermove', _onPointerMove);"
web/app/static/js/brachybot-ui-api.js,6901,"handle.addEventListener('pointerup', _endDrag);"
web/app/static/js/brachybot-ui-api.js,6902,"handle.addEventListener('pointercancel', _endDrag);"
web/app/static/js/brachybot-ui-api.js,6903,"document.addEventListener('pointerup', _endDrag);"
web/app/static/js/brachybot-ui-api.js,6904,"document.addEventListener('pointercancel', _endDrag);"
web/app/static/js/brachybot-ui-api.js,6942,"handle.addEventListener('mousedown', (e) => {"
web/app/static/js/brachybot-ui-api.js,6960,"document.addEventListener('mousemove', (e) => {"
web/app/static/js/brachybot-ui-api.js,6976,"document.addEventListener('mouseup', () => {"
web/app/static/js/brachybot-ui-api.js,7042,overlay.querySelector('#_confirmYes').onclick = () => { overlay.remove(); resolve(true); };
web/app/static/js/brachybot-ui-api.js,7043,overlay.querySelector('#_confirmNo').onclick = () => { overlay.remove(); resolve(false); };
web/app/static/js/brachybot-ui-api.js,7044,overlay.onclick = (e) => {
web/app/static/js/brachybot-ui-api.js,9709,"overlay.addEventListener('click', event => { if (event.target === overlay) overlay.remove(); });"
web/app/static/js/brachybot-ui-api.js,9717,"close.addEventListener('click', () => overlay.remove());"
web/app/static/js/brachybot-ui-api.js,9721,"image.addEventListener('click', event => event.stopPropagation());"
web/app/static/js/brachybot-ui-api.js,9735,"document.addEventListener('keydown', onKey);"
web/app/static/js/brachybot-ui-api.js,9818,"item.addEventListener('click', () => {"
web/app/static/js/brachybot-ui-api.js,9881,"overlay.addEventListener('click', event => {"
web/app/static/js/brachybot-ui-api.js,9889,"close.addEventListener('click', () => overlay.remove());"
web/app/static/js/brachybot-ui-api.js,9892,"image.addEventListener('click', event => event.stopPropagation());"
web/app/static/js/brachybot-ui-api.js,9906,"toggle.addEventListener('click', event => {"
web/app/static/js/brachybot-ui-api.js,9919,"prevBtn.addEventListener('click', event => {"
web/app/static/js/brachybot-ui-api.js,9928,"nextBtn.addEventListener('click', event => {"
web/app/static/js/brachybot-ui-api.js,9971,"document.addEventListener('keydown', onKey);"
web/app/static/js/brachybot-ui-api.js,13134,ring.onclick = () => {
web/app/static/js/brachybot-ui-api.js,13376,"overlay.addEventListener('click', (e) => {"
web/app/static/js/brachybot-ui-api.js,13383,"document.addEventListener('keydown', onKey);"
web/app/static/js/brachybot-ui-api.js,13397,"window.addEventListener('load', () => {"
web/app/static/js/brachybot-viewer-layout.js,7,"handle.addEventListener('mousedown', (e) => {"
web/app/static/js/brachybot-viewer-layout.js,10,"document.addEventListener('mousemove', onDrag);"
web/app/static/js/brachybot-viewer-layout.js,11,"document.addEventListener('mouseup', onDragEnd);"
web/app/static/js/brachybot-viewer-layout.js,287,"handle.addEventListener('mousedown', e => {"
web/app/static/js/brachybot-viewer-layout.js,312,"handle.addEventListener('mousedown', e => {"
web/app/static/js/brachybot-viewer-layout.js,338,"document.addEventListener('mousemove', e => {"
web/app/static/js/brachybot-viewer-layout.js,378,"document.addEventListener('mouseup', () => {"
web/app/static/js/brachybot-viewer-layout.js,434,"panel.addEventListener('wheel', panel._hWheelHandler, { capture: true, passive: false });"
web/app/static/js/brachybot-viewer-volume.js,46,"prev.addEventListener('wheel', (e) => {"
web/app/static/js/brachybot-viewer-volume.js,4099,"document.addEventListener('pointerdown', event => {"
web/app/static/js/brachybot-viewer-volume.js,4104,"document.addEventListener('click', event => {"
web/app/static/js/brachybot-viewer-volume.js,4109,"document.addEventListener('contextmenu', event => {"
web/app/static/js/brachybot-viewer-volume.js,4117,"document.addEventListener('keydown', event => {"
web/app/static/js/brachybot-viewer-volume.js,4120,"document.addEventListener('scroll', event => {"
web/app/static/js/brachybot-viewer-volume.js,4554,"control.addEventListener('pointerdown', event => {"
web/app/static/js/brachybot-viewer-volume.js,4559,"control.addEventListener('keydown', event => event.stopPropagation());"
web/app/static/js/brachybot-viewer-volume.js,4565,"document.addEventListener('pointerup', _finishDataTreeOpacityDrag, true);"
web/app/static/js/brachybot-viewer-volume.js,4566,"document.addEventListener('pointercancel', _finishDataTreeOpacityDrag, true);"
web/app/static/js/brachybot-viewer-volume.js,4567,"window.addEventListener('blur', () => _finishDataTreeOpacityDrag(), true);"
web/app/static/js/brachybot-viewer-volume.js,4623,"<div class=""tree-group-header"" onclick=""toggleTreeGroup(this)"" oncontextmenu=""handleTreeItemRightClick('image', event)"">"
web/app/static/js/brachybot-viewer-volume.js,4684,"<div class=""tree-group-header"" onclick=""toggleTreeGroup(this)"" oncontextmenu=""handleTreeItemRightClick('segmentation', event)"">"
web/app/static/js/brachybot-viewer-volume.js,4811,"<div class=""tree-group-header"" onclick=""toggleTreeGroup(this)"" oncontextmenu=""handleTreeItemRightClick('ctv', event)"">"
web/app/static/js/brachybot-viewer-volume.js,4813,"<button class=""eye-btn ${ctvVis ? '' : 'hidden'}"" onclick=""event.stopPropagation();toggleDataVisibility('ctv')"">&#128065;</button>"
web/app/static/js/brachybot-viewer-volume.js,4816,"<input type=""range"" class=""opacity-slider"" min=""0"" max=""100"" value=""${Math.round(ctvOp * 100)}"" onclick=""event.stopPropagation()"" oninput=""setGroupOpacity('ctv', this.value)"" title=""Opacity"">"
web/app/static/js/brachybot-viewer-volume.js,4922,"<div class=""tree-group-header"" onclick=""toggleTreeGroup(this)"" oncontextmenu=""handleTreeItemRightClick('${groupId}', event)"">"
web/app/static/js/brachybot-viewer-volume.js,4924,"<button class=""eye-btn ${visible ? '' : 'hidden'}"" onclick=""event.stopPropagation();setGroupVisibility('${groupId}', ${!visible})"" title=""Toggle ${label}"">&#128065;</button>"
web/app/static/js/brachybot-viewer-volume.js,4927,"<input type=""range"" class=""opacity-slider"" min=""0"" max=""100"" value=""${Math.round(opacity * 100)}"" onclick=""event.stopPropagation()"" oninput=""setGroupOpacity('${groupId}', this.value)"" title=""Opacity for ${label}"">"
web/app/static/js/brachybot-viewer-volume.js,4975,"<div class=""tree-group-header"" data-node-id=""${escHtml(dataTreeState.oar.nodeId || 'oar')}"" data-node-type=""segmentation"" data-status=""${escHtml(dataTreeState.oar.status || 'not_generated')}"" onclick=""toggleTreeGroup(this)"" oncontextmenu=""handleTreeItemRightClick('oar', event)"">"
web/app/static/js/brachybot-viewer-volume.js,4977,"<button class=""eye-btn ${oarVis ? '' : 'hidden'}"" onclick=""event.stopPropagation();setGroupVisibility('oar', ${!oarVis})"" title=""Toggle"">&#128065;</button>"
web/app/static/js/brachybot-viewer-volume.js,4980,"<input type=""range"" class=""opacity-slider"" min=""0"" max=""100"" value=""${Math.round(oarOp * 100)}"" onclick=""event.stopPropagation()"" oninput=""setGroupOpacity('oar', this.value)"" title=""Opacity"">"
web/app/static/js/brachybot-viewer-volume.js,5002,"<div class=""tree-group-header"" onclick=""toggleTreeGroup(this)"" oncontextmenu=""handleTreeItemRightClick('non_traversable', event)"">"
web/app/static/js/brachybot-viewer-volume.js,5006,"<button class=""eye-btn ${gVis ? '' : 'hidden'}"" onclick=""event.stopPropagation();setGroupVisibility('non_traversable', ${!gVis})"" title=""Toggle"">&#128065;</button>"
web/app/static/js/brachybot-viewer-volume.js,5007,"<input type=""range"" class=""opacity-slider"" min=""0"" max=""100"" value=""${Math.round(gOp * 100)}"" onclick=""event.stopPropagation()"" oninput=""setGroupOpacity('non_traversable', this.value)"" title=""Opacity"">"
web/app/static/js/brachybot-viewer-volume.js,5025,"<div class=""tree-group-header"" onclick=""toggleTreeGroup(this)"" oncontextmenu=""handleTreeItemRightClick('traversable', event)"">"
web/app/static/js/brachybot-viewer-volume.js,5029,"<button class=""eye-btn ${gVis ? '' : 'hidden'}"" onclick=""event.stopPropagation();setGroupVisibility('traversable', ${!gVis})"" title=""Toggle"">&#128065;</button>"
web/app/static/js/brachybot-viewer-volume.js,5030,"<input type=""range"" class=""opacity-slider"" min=""0"" max=""100"" value=""${Math.round(gOp * 100)}"" onclick=""event.stopPropagation()"" oninput=""setGroupOpacity('traversable', this.value)"" title=""Opacity"">"
web/app/static/js/brachybot-viewer-volume.js,5056,"<div class=""tree-group-header"" onclick=""toggleTreeGroup(this)"" oncontextmenu=""handleTreeItemRightClick('masks', event)"">"
web/app/static/js/brachybot-viewer-volume.js,5058,"<button class=""eye-btn ${maskVis ? '' : 'hidden'}"" onclick=""event.stopPropagation();setGroupVisibility('masks', ${!maskVis})"" title=""Toggle all masks"">&#128065;</button>"
web/app/static/js/brachybot-viewer-volume.js,5061,"<input type=""range"" class=""opacity-slider"" min=""0"" max=""100"" value=""${Math.round(maskOp * 100)}"" onclick=""event.stopPropagation()"" oninput=""setGroupOpacity('masks', this.value)"" title=""Opacity for all masks"">"
web/app/static/js/brachybot-viewer-volume.js,5150,"<div class=""tree-group-header"" onclick=""toggleTreeGroup(this)"" oncontextmenu=""handleTreeItemRightClick('planning', event)"">"
web/app/static/js/brachybot-viewer-volume.js,5152,"<button class=""eye-btn ${planningVis ? '' : 'hidden'}"" onclick=""event.stopPropagation();setGroupVisibility('planning', ${!planningVis})"" title=""Toggle all planning objects"">&#128065;</button>"
web/app/static/js/brachybot-viewer-volume.js,5155,"<input type=""range"" class=""opacity-slider"" min=""0"" max=""100"" value=""${Math.round(planningOp * 100)}"" onclick=""event.stopPropagation()"" oninput=""setGroupOpacity('planning', this.value)"" title=""Opacity for all planning objects"">"
web/app/static/js/brachybot-viewer-volume.js,5165,"<div class=""tree-group-header"" onclick=""toggleTreeGroup(this)"">"
web/app/static/js/brachybot-viewer-volume.js,5237,"onclick=""activatePlanningRunFromTree(${runArg})"""
web/app/static/js/brachybot-viewer-volume.js,5238,"oncontextmenu=""event.preventDefault();event.stopPropagation();activatePlanningRunFromTree(${runArg})"""
web/app/static/js/brachybot-viewer-volume.js,5241,"<button class=""eye-btn ${runVisible ? '' : 'hidden'}"" onclick=""event.stopPropagation();activatePlanningRunFromTree(${runArg})"" title=""${escHtml(runVisibilityTitle)}"" aria-label=""${escHtml(runVisibilityTitle)}"">&#128065;</button>"
web/app/static/js/brachybot-viewer-volume.js,5250,"onclick=""activatePlanningRunFromTree(${runArg})"" title=""Activate ${escHtml(runLabel)} to show this artifact"">"
web/app/static/js/brachybot-viewer-volume.js,5268,"<div class=""tree-group-header"" onclick=""toggleTreeGroup(this)"">"
web/app/static/js/brachybot-viewer-volume.js,5270,"<button class=""eye-btn ${planningVis ? '' : 'hidden'}"" onclick=""event.stopPropagation();setGroupVisibility('planning', ${!planningVis})"" title=""Toggle active Planning"">&#128065;</button>"
web/app/static/js/brachybot-viewer-volume.js,5302,"<button class=""eye-btn ${manualStage.visible && planningMasterVisible ? '' : 'hidden'}"" onclick=""event.stopPropagation();toggleManualStepPresentation('${manualStage.step}')"" aria-label=""Toggle manual step result"">&#128065;</button>"
web/app/static/js/brachybot-viewer-volume.js,5315,"<div class=""tree-group-header"" onclick=""toggleTreeGroup(this)"" oncontextmenu=""handleTreeItemRightClick('planning_trajectories', event)"">"
web/app/static/js/brachybot-viewer-volume.js,5317,"<button class=""eye-btn ${trajVis ? '' : 'hidden'}"" onclick=""event.stopPropagation();setGroupVisibility('planning_trajectories', ${!trajVis})"" title=""Toggle"">&#128065;</button>"
web/app/static/js/brachybot-viewer-volume.js,5320,"<input type=""range"" class=""opacity-slider"" min=""0"" max=""100"" value=""${Math.round(trajOp * 100)}"" onclick=""event.stopPropagation()"" oninput=""setGroupOpacity('planning_trajectories', this.value)"" title=""Opacity"">"
web/app/static/js/brachybot-viewer-volume.js,5331,"<div class=""tree-group-header"" onclick=""toggleTreeGroup(this)"" oncontextmenu=""handleTreeItemRightClick('${trajId}', event)"" style=""padding-left:1.2rem;"">"
web/app/static/js/brachybot-viewer-volume.js,5333,"<button class=""eye-btn ${planningMasterVisible && manualSeedsVisible && traj.visible !== false ? '' : 'hidden'}"" onclick=""event.stopPropagation();toggleDataVisibility('${trajId}')"">&#128065;</button>"
web/app/static/js/brachybot-viewer-volume.js,5351,"<div class=""tree-group-header"" onclick=""toggleTreeGroup(this)"" oncontextmenu=""handleTreeItemRightClick('planning_seeds', event)"">"
web/app/static/js/brachybot-viewer-volume.js,5353,"<button class=""eye-btn ${seedsVis ? '' : 'hidden'}"" onclick=""event.stopPropagation();setGroupVisibility('planning_seeds', ${!seedsVis})"" title=""Toggle"">&#128065;</button>"
web/app/static/js/brachybot-viewer-volume.js,5356,"<input type=""range"" class=""opacity-slider"" min=""0"" max=""100"" value=""${Math.round(seedsOp * 100)}"" onclick=""event.stopPropagation()"" oninput=""setGroupOpacity('planning_seeds', this.value)"" title=""Opacity"">"
web/app/static/js/brachybot-viewer-volume.js,5372,"<div class=""tree-group-header"" onclick=""toggleTreeGroup(this)"" oncontextmenu=""handleTreeItemRightClick('planning_needles', event)"">"
web/app/static/js/brachybot-viewer-volume.js,5374,"<button class=""eye-btn ${needlesVis ? '' : 'hidden'}"" onclick=""event.stopPropagation();setGroupVisibility('planning_needles', ${!needlesVis})"" title=""Toggle"">&#128065;</button>"
web/app/static/js/brachybot-viewer-volume.js,5377,"<input type=""range"" class=""opacity-slider"" min=""0"" max=""100"" value=""${Math.round(needlesOp * 100)}"" onclick=""event.stopPropagation()"" oninput=""setGroupOpacity('planning_needles', this.value)"" title=""Opacity"">"
web/app/static/js/brachybot-viewer-volume.js,5395,"<div class=""tree-group-header"" onclick=""toggleTreeGroup(this)"" oncontextmenu=""handleTreeItemRightClick('dose_isosurfaces', event)"">"
web/app/static/js/brachybot-viewer-volume.js,5397,"<button class=""eye-btn ${doseVis ? '' : 'hidden'}"" onclick=""event.stopPropagation();setGroupVisibility('dose_isosurfaces', ${!doseVis})"" title=""Toggle"">&#128065;</button>"
web/app/static/js/brachybot-viewer-volume.js,5400,"<input type=""range"" class=""opacity-slider"" min=""0"" max=""100"" value=""${Math.round(doseOp * 100)}"" onclick=""event.stopPropagation()"" oninput=""setGroupOpacity('dose_isosurfaces', this.value)"" title=""Opacity"">"
web/app/static/js/brachybot-viewer-volume.js,5454,"html += `<div class=""tree-item"" data-item=""dose_overlay"" data-node-id=""${escHtml(dataTreeState.planning.doseOverlay.nodeId || 'dose_overlay')}"" data-node-type=""dose_contour_2d"" data-status=""${escHtml(dataTreeState.planning.doseOverlay.status || 'ready')}"" onclick=""handleTreeItemClick('dose_overlay', event)"" oncontextmenu=""event.preventDefault();event.stopPropagation();handleTreeItemRightClick('dose_overlay', event)"" style=""display:flex;align-items:center;gap:6px;padding:2px 8px;font-size:0.7rem;"">"
web/app/static/js/brachybot-viewer-volume.js,5455,"<button class=""eye-btn ${ovVis ? '' : 'hidden'}"" onclick=""event.stopPropagation();toggleDataVisibility('dose_overlay')"" style=""font-size:0.65rem;"">&#128065;</button>"
web/app/static/js/brachybot-viewer-volume.js,5459,"<input type=""range"" class=""opacity-slider"" min=""0"" max=""100"" value=""${Math.round(ovOp * 100)}"" onclick=""event.stopPropagation()"" oninput=""setDoseOverlayOpacity(this.value)"" title=""Opacity"">"
web/app/static/js/brachybot-viewer-volume.js,5491,"<div class=""tree-group-header"" onclick=""toggleTreeGroup(this)"" oncontextmenu=""handleTreeItemRightClick('planning_meshes', event)"">"
web/app/static/js/brachybot-viewer-volume.js,5493,"<button class=""eye-btn ${artifactsVisible ? '' : 'hidden'}"" onclick=""event.stopPropagation();setGroupVisibility('planning_meshes', ${!artifactsVisible})"" title=""Toggle planning artifacts"">&#128065;</button>"
web/app/static/js/brachybot-viewer-volume.js,5497,"<input type=""range"" class=""opacity-slider"" min=""0"" max=""100"" value=""${Math.round(artifactsOpacity * 100)}"" onclick=""event.stopPropagation()"" oninput=""setGroupOpacity('planning_meshes', this.value)"" title=""Opacity"">"
web/app/static/js/brachybot-viewer-volume.js,5526,"<div class=""tree-group-header"" onclick=""toggleTreeGroup(this)"" oncontextmenu=""handleTreeItemRightClick('artifacts', event)"">"
web/app/static/js/brachybot-viewer-volume.js,5577,"const recon3dBtn = canRecon3d ? `<button class=""recon3d-btn"" title=""3D Reconstruct"" onclick=""event.stopPropagation();reconstructOrgan3D('${id}')"">&#9638;</button>` : '';"
web/app/static/js/brachybot-viewer-volume.js,5592,"? `<span class=""ct-window-level-controls"" title=""${escHtml(rangeTitle)}"" style=""--wl-low-pct:${lowPercent}%;--wl-high-pct:${highPercent}%;"" onclick=""event.stopPropagation()"" ondblclick=""event.stopPropagation()"" onmousedown=""event.stopPropagation()"" onpointerdown=""event.stopPropagation()"" onkeydown=""event.stopPropagation()"">"
web/app/static/js/brachybot-viewer-volume.js,5606,"<input id=""dataTreeWindowLow"" data-ct-window-level=""low"" type=""range"" min=""${windowDomain.min}"" max=""${windowDomain.max}"" step=""0.5"" value=""${windowBounds.low}"" aria-label=""${escHtml(lowTitle)}"" aria-valuetext=""${_formatWindowLevelValue(windowBounds.low)} HU"" ${disabledAttr} onpointerdown=""event.stopPropagation();this.classList.add('is-active')"" onpointerup=""event.stopPropagation();this.classList.remove('is-active')"" onpointercancel=""event.stopPropagation();this.classList.remove('is-active')"" onblur=""this.classList.remove('is-active')"" oninput=""event.stopPropagation();applyDataTreeWindowRange('low', false)"" onchange=""event.stopPropagation();applyDataTreeWindowRange('low', true)"">"
web/app/static/js/brachybot-viewer-volume.js,5607,"<input id=""dataTreeWindowHigh"" data-ct-window-level=""high"" type=""range"" min=""${windowDomain.min}"" max=""${windowDomain.max}"" step=""0.5"" value=""${windowBounds.high}"" aria-label=""${escHtml(highTitle)}"" aria-valuetext=""${_formatWindowLevelValue(windowBounds.high)} HU"" ${disabledAttr} onpointerdown=""event.stopPropagation();this.classList.add('is-active')"" onpointerup=""event.stopPropagation();this.classList.remove('is-active')"" onpointercancel=""this.classList.remove('is-active')"" onblur=""this.classList.remove('is-active')"" oninput=""event.stopPropagation();applyDataTreeWindowRange('high', false)"" onchange=""event.stopPropagation();applyDataTreeWindowRange('high', true)"">"
web/app/static/js/brachybot-viewer-volume.js,5624,"onclick=""handleTreeItemClick('${id}', event)"""
web/app/static/js/brachybot-viewer-volume.js,5625,"oncontextmenu=""event.preventDefault();event.stopPropagation();handleTreeItemRightClick('${id}', event)"">"
web/app/static/js/brachybot-viewer-volume.js,5626,"<button class=""eye-btn ${eyeClass}"" onclick=""event.stopPropagation();toggleDataVisibility('${id}')"" ${disabledAttr}>${eyeIcon}</button>"
web/app/static/js/brachybot-viewer-volume.js,5627,"<span class=""color-swatch"" style=""background:${itemState.color};"" onclick=""event.stopPropagation();openColorPicker('${id}', this)"" title=""Click to change color""></span>"
web/app/static/js/brachybot-viewer-volume.js,5633,"onclick=""event.stopPropagation()"""
web/app/static/js/brachybot-viewer-volume.js,5634,"oninput=""setDataOpacity('${id}', this.value)"">"
web/app/static/js/brachybot-viewer-volume.js,5645,"onclick=""handleTreeItemClick('${id}', event)"""
web/app/static/js/brachybot-viewer-volume.js,5646,"oncontextmenu=""event.preventDefault();event.stopPropagation();handleTreeItemRightClick('${id}', event)"">"
web/app/static/js/brachybot-viewer-volume.js,5848,"rSlider.addEventListener('input', updateFromRgbSliders);"
web/app/static/js/brachybot-viewer-volume.js,5849,"gSlider.addEventListener('input', updateFromRgbSliders);"
web/app/static/js/brachybot-viewer-volume.js,5850,"bSlider.addEventListener('input', updateFromRgbSliders);"
web/app/static/js/brachybot-viewer-volume.js,5854,"el.addEventListener('click', () => {"
web/app/static/js/brachybot-viewer-volume.js,5929,"dialog.querySelector('#colorApply').addEventListener('click', applyColor);"
web/app/static/js/brachybot-viewer-volume.js,5930,"dialog.querySelector('#colorCancel').addEventListener('click', closeDialog);"
web/app/static/js/brachybot-viewer-volume.js,5931,"dialog.querySelector('#colorDialogClose').addEventListener('click', closeDialog);"
web/app/static/js/brachybot-viewer-volume.js,5932,"backdrop.addEventListener('click', closeDialog);"
web/app/static/js/brachybot-viewer-volume.js,6157,"items += `<div class=""ctx-menu-item"" onclick=""hideContextMenu();renameDataTreeNode('${category}')"">"
web/app/static/js/brachybot-viewer-volume.js,6164,"items += `<div class=""ctx-menu-item"" onclick=""hideContextMenu();groupReconstruct3D('${category}')"">"
web/app/static/js/brachybot-viewer-volume.js,6169,"items += `<div class=""ctx-menu-item"" onclick=""hideContextMenu();reconstructDoseIsosurfaces3D()"">"
web/app/static/js/brachybot-viewer-volume.js,6180,"items += `<div class=""ctx-menu-item"" onclick=""hideContextMenu();_runDataTreeAction(moveDataTreeGroup('${category}', '${destination}'))"">"
web/app/static/js/brachybot-viewer-volume.js,6186,"items += `<div class=""ctx-menu-item"" onclick=""hideContextMenu();_runDataTreeAction(exportDataTreeGroup('${category}'))"">"
web/app/static/js/brachybot-viewer-volume.js,6188,"items += `<div class=""ctx-menu-item ctx-menu-danger"" onclick=""hideContextMenu();_runDataTreeAction(deleteDataTreeGroup('${category}'))"">"
web/app/static/js/brachybot-viewer-volume.js,6196,"items += `<div class=""ctx-menu-item"" onclick=""hideContextMenu();setGroupVisibility('${category}',true)"">"
web/app/static/js/brachybot-viewer-volume.js,6198,"items += `<div class=""ctx-menu-item"" onclick=""hideContextMenu();setGroupVisibility('${category}',false)"">"
web/app/static/js/brachybot-viewer-volume.js,6201,"items += `<div class=""ctx-menu-item"" onclick=""hideContextMenu();setGroupViewVisibility('${category}','2d',true)"">"
web/app/static/js/brachybot-viewer-volume.js,6203,"items += `<div class=""ctx-menu-item"" onclick=""hideContextMenu();setGroupViewVisibility('${category}','2d',false)"">"
web/app/static/js/brachybot-viewer-volume.js,6205,"items += `<div class=""ctx-menu-item"" onclick=""hideContextMenu();setGroupViewVisibility('${category}','3d',true)"">"
web/app/static/js/brachybot-viewer-volume.js,6207,"items += `<div class=""ctx-menu-item"" onclick=""hideContextMenu();setGroupViewVisibility('${category}','3d',false)"">"
web/app/static/js/brachybot-viewer-volume.js,6213,"items += `<div class=""ctx-menu-item"" onclick=""hideContextMenu();soloGroup('${category}')"">"
web/app/static/js/brachybot-viewer-volume.js,6219,"items += `<div class=""ctx-menu-item"" onclick=""hideContextMenu();clearPlanningVisualization()"">"
web/app/static/js/brachybot-viewer-volume.js,6233,"items += `<div class=""ctx-menu-item"" onclick=""hideContextMenu();setGroupOpacityValue('${category}', ${op})"">"
web/app/static/js/brachybot-viewer-volume.js,6236,"items += `<label class=""ctx-menu-item"" onclick=""event.stopPropagation()"">"
web/app/static/js/brachybot-viewer-volume.js,6241,"onchange=""setGroupColor('${category}', this.value);hideContextMenu()"">"
web/app/static/js/brachybot-viewer-volume.js,6246,"items += `<div class=""ctx-menu-item"" onclick=""hideContextMenu();showAllOrgans()"">"
web/app/static/js/brachybot-viewer-volume.js,7255,"items += `<div class=""ctx-menu-item"" onclick=""hideContextMenu();reconstructOrgan3D('${firstId}')"">"
web/app/static/js/brachybot-viewer-volume.js,7258,"items += `<div class=""ctx-menu-item"" onclick=""hideContextMenu();batchReconstruct3D()"">"
web/app/static/js/brachybot-viewer-volume.js,7264,"items += `<div class=""ctx-menu-item"" onclick=""hideContextMenu();reconstructDoseIsosurface3D('${firstId}')"">"
web/app/static/js/brachybot-viewer-volume.js,7274,"items += `<div class=""ctx-menu-item"" onclick=""hideContextMenu();addManualSeedToPlanningNode('${firstId}', {source:'data_tree_context'})"">"
web/app/static/js/brachybot-viewer-volume.js,7279,"items += `<div class=""ctx-menu-item"" onclick=""hideContextMenu();restoreNeedleToAlgorithm('${firstId}')"">"
web/app/static/js/brachybot-viewer-volume.js,7293,"items += `<div class=""ctx-menu-item"" onclick=""hideContextMenu();renameDataTreeMask('${firstId}')"">"
web/app/static/js/brachybot-viewer-volume.js,7295,"items += `<div class=""ctx-menu-item"" onclick=""hideContextMenu();reconstructOrgan3D('${firstId}')"">"
web/app/static/js/brachybot-viewer-volume.js,7298,"items += `<div class=""ctx-menu-item"" onclick=""hideContextMenu();batchReconstruct3D()"">"
web/app/static/js/brachybot-viewer-volume.js,7302,"items += `<div class=""ctx-menu-item"" onclick=""hideContextMenu();_runDataTreeAction(moveSelectedMasks('ctv'))"">"
web/app/static/js/brachybot-viewer-volume.js,7304,"items += `<div class=""ctx-menu-item"" onclick=""hideContextMenu();_runDataTreeAction(moveSelectedMasks('oar'))"">"
web/app/static/js/brachybot-viewer-volume.js,7308,"items += `<div class=""ctx-menu-item ctx-menu-danger"" onclick=""hideContextMenu();_runDataTreeAction(deleteDataTreeMask('${firstId}'))"">"
web/app/static/js/brachybot-viewer-volume.js,7315,"items += `<div class=""ctx-menu-item"" onclick=""hideContextMenu();openColorPicker('${firstId}')"">"
web/app/static/js/brachybot-viewer-volume.js,7329,"items += `<div class=""ctx-menu-item"" onclick=""hideContextMenu();renameDataTreeNode('${firstId}')"">"
web/app/static/js/brachybot-viewer-volume.js,7340,"items += `<div class=""ctx-menu-item"" onclick=""hideContextMenu();_runDataTreeAction(batchMoveToCategory('${catKey}'))"">"
web/app/static/js/brachybot-viewer-volume.js,7343,"items += `<div class=""ctx-menu-item"" onclick=""hideContextMenu();_runDataTreeAction(moveSelectedStructures('ctv'))"">"
web/app/static/js/brachybot-viewer-volume.js,7348,"items += `<div class=""ctx-menu-item"" onclick=""hideContextMenu();_runDataTreeAction(moveSelectedStructures('oar'))"">"
web/app/static/js/brachybot-viewer-volume.js,7354,"items += `<div class=""ctx-menu-item"" onclick=""hideContextMenu();_runDataTreeAction(exportSelectedDataTreeItems())"">"
web/app/static/js/brachybot-viewer-volume.js,7356,"items += `<div class=""ctx-menu-item ctx-menu-danger"" onclick=""hideContextMenu();_runDataTreeAction(deleteSelectedDataTreeItems())"">"
web/app/static/js/brachybot-viewer-volume.js,7359,"items += `<div class=""ctx-menu-item"" onclick=""hideContextMenu();selectedItems.clear();renderDataTree();"">"
web/app/static/js/brachybot-viewer-volume.js,7370,"items += `<div class=""ctx-menu-item"" onclick=""hideContextMenu();batchToggleVisibility(true)"">"
web/app/static/js/brachybot-viewer-volume.js,7372,"items += `<div class=""ctx-menu-item"" onclick=""hideContextMenu();batchToggleVisibility(false)"">"
web/app/static/js/brachybot-viewer-volume.js,7375,"items += `<div class=""ctx-menu-item"" onclick=""hideContextMenu();batchSetViewVisibility('2d',true)"">"
web/app/static/js/brachybot-viewer-volume.js,7377,"items += `<div class=""ctx-menu-item"" onclick=""hideContextMenu();batchSetViewVisibility('2d',false)"">"
web/app/static/js/brachybot-viewer-volume.js,7379,"items += `<div class=""ctx-menu-item"" onclick=""hideContextMenu();batchSetViewVisibility('3d',true)"">"
web/app/static/js/brachybot-viewer-volume.js,7381,"items += `<div class=""ctx-menu-item"" onclick=""hideContextMenu();batchSetViewVisibility('3d',false)"">"
web/app/static/js/brachybot-viewer-volume.js,7390,"items += `<div class=""ctx-menu-item"" onclick=""hideContextMenu();setDoseColorbarViewVisibility('2d',true)"">"
web/app/static/js/brachybot-viewer-volume.js,7392,"items += `<div class=""ctx-menu-item"" onclick=""hideContextMenu();setDoseColorbarViewVisibility('2d',false)"">"
web/app/static/js/brachybot-viewer-volume.js,7394,"items += `<div class=""ctx-menu-item"" onclick=""hideContextMenu();setDoseColorbarViewVisibility('3d',true)"">"
web/app/static/js/brachybot-viewer-volume.js,7396,"items += `<div class=""ctx-menu-item"" onclick=""hideContextMenu();setDoseColorbarViewVisibility('3d',false)"">"
web/app/static/js/brachybot-viewer-volume.js,7401,"items += `<div class=""ctx-menu-item"" onclick=""hideContextMenu();batchSolo()"">"
web/app/static/js/brachybot-viewer-volume.js,7409,"items += `<div class=""ctx-menu-item"" onclick=""hideContextMenu();batchSetOpacity(${op / 100})"">"
web/app/static/js/brachybot-viewer-volume.js,7415,"items += `<div class=""ctx-menu-item"" onclick=""hideContextMenu();_runDataTreeAction(exportSelectedDataTreeItems())"">"
web/app/static/js/brachybot-viewer-volume.js,7417,"items += `<div class=""ctx-menu-item ctx-menu-danger"" onclick=""hideContextMenu();_runDataTreeAction(deleteSelectedDataTreeItems())"">"
web/app/static/js/brachybot-viewer-volume.js,7422,"items += `<div class=""ctx-menu-item"" onclick=""hideContextMenu();showAllOrgans()"">"
web/app/static/js/brachybot-viewer-volume.js,7426,"items += `<div class=""ctx-menu-item"" onclick=""hideContextMenu();selectedItems.clear();renderDataTree();"">"
web/app/static/js/brachybot-workspace.js,120,"else external.addEventListener('abort', () => chained.abort(), { once: true });"
web/app/static/js/brachybot-workspace.js,122,"else controller.signal.addEventListener('abort', () => chained.abort(), { once: true });"
web/app/static/js/brachybot-workspace.js,308,"window.addEventListener('visibilitychange', () => {"
web/app/static/js/brachybot-workspace.js,395,"notice.addEventListener('animationend', function handler() {"
web/app/static/js/brachybot-workspace.js,2679,"recoveryClose.addEventListener('click', dismissWorkspaceRecoveryNotice);"
web/app/static/js/brachybot-workspace.js,2684,"lockClose.addEventListener('click', () => window.brachybotAuth?.dismissWorkspaceLockNotice?.());"
web/app/static/js/brachybot-workspace.js,3509,"window.addEventListener('brachybot:segmentation-meshes-ready', onMeshesReady);"
web/app/static/js/brachybot-workspace.js,5607,"restore.addEventListener('click', () => window.restoreTrashedSession(entry.id));"
web/app/static/js/brachybot-workspace.js,5612,"purge.addEventListener('click', () => window.purgeTrashedSession(entry.id, entry.title));"
web/app/static/js/brachybot-workspace.js,5711,"scene3D.controls.addEventListener('change', () => scheduleWorkspaceSave('viewer.camera'));"
web/app/static/js/brachybot-workspace.js,5732,"element.addEventListener('scroll', () => {"
web/app/static/js/html2canvas.min.js,20,"***************************************************************************** */var r=function(A,e){return(r=Object.setPrototypeOf||{__proto__:[]}instanceof Array&&function(A,e){A.__proto__=e}||function(A,e){for(var t in e)Object.prototype.hasOwnProperty.call(e,t)&&(A[t]=e[t])})(A,e)};function A(A,e){if(""function""!=typeof e&&null!==e)throw new TypeError(""Class extends value ""+String(e)+"" is not a constructor or null"");function t(){this.constructor=A}r(A,e),A.prototype=null===e?Object.create(e):(t.prototype=e.prototype,new t)}var h=function(){return(h=Object.assign||function(A){for(var e,t=1,r=arguments.length;t<r;t++)for(var B in e=arguments[t])Object.prototype.hasOwnProperty.call(e,B)&&(A[B]=e[B]);return A}).apply(this,arguments)};function a(A,s,o,i){return new(o=o||Promise)(function(t,e)"
web/app/static/js/OrbitControls.js,116,"domElement.addEventListener( 'keydown', onKeyDown );"
web/app/static/js/OrbitControls.js,1121,"scope.domElement.ownerDocument.addEventListener( 'pointermove', onPointerMove );"
web/app/static/js/OrbitControls.js,1122,"scope.domElement.ownerDocument.addEventListener( 'pointerup', onPointerUp );"
web/app/static/js/OrbitControls.js,1123,"scope.domElement.ownerDocument.addEventListener( 'pointercancel', onPointerCancel );"
web/app/static/js/OrbitControls.js,1317,"scope.domElement.addEventListener( 'contextmenu', onContextMenu );"
web/app/static/js/OrbitControls.js,1318,"scope.domElement.addEventListener( 'pointerdown', onPointerDown );"
web/app/static/js/OrbitControls.js,1319,"scope.domElement.addEventListener( 'pointercancel', onPointerCancel );"
web/app/static/js/OrbitControls.js,1320,"scope.domElement.addEventListener( 'wheel', onMouseWheel, {"
web/app/static/js/OrbitControls.js,1323,"scope.domElement.addEventListener( 'touchstart', onTouchStart, {"
web/app/static/js/OrbitControls.js,1326,"scope.domElement.addEventListener( 'touchend', onTouchEnd );"
web/app/static/js/OrbitControls.js,1327,"scope.domElement.addEventListener( 'touchmove', onTouchMove, {"
web/app/static/js/OrbitControls.js,1330,"window.addEventListener( 'blur', onWindowBlur );"
web/app/static/js/plotly.min.js,8,"!function(t,e){""object""==typeof exports&&""object""==typeof module?module.exports=e():""function""==typeof define&&define.amd?define([],e):""object""==typeof exports?exports.Plotly=e():t.Plotly=e()}(self,(function(){return function(){var t={6713:function(t,e,r){""use strict"";var n=r(34809),i={""X,X div"":'direction:ltr;font-family:""Open Sans"",verdana,arial,sans-serif;margin:0;padding:0;',""X input,X button"":'font-family:""Open Sans"",verdana,arial,sans-serif;',""X input:focus,X button:focus"":""outline:none;"",""X a"":""text-decoration:none;"",""X a:hover"":""text-decoration:none;"",""X .crisp"":""shape-rendering:crispEdges;"",""X .user-select-none"":""-webkit-user-select:none;-moz-user-select:none;-ms-user-select:none;-o-user-select:none;user-select:none;"",""X svg"":""overflow:hidden;"",""X svg a"":""fill:#447adb;"",""X svg a:h"
web/app/static/js/prism.min.js,7,"var _self=""undefined""!=typeof window?window:""undefined""!=typeof WorkerGlobalScope&&self instanceof WorkerGlobalScope?self:{},Prism=function(e){var t=/(?:^|\s)lang(?:uage)?-([\w-]+)(?=\s|$)/i,n=0,a={},r={manual:e.Prism&&e.Prism.manual,disableWorkerMessageHandler:e.Prism&&e.Prism.disableWorkerMessageHandler,util:{encode:function e(t){return t instanceof s?new s(t.type,e(t.content),t.alias):Array.isArray(t)?t.map(e):t.replace(/&/g,""&amp;"").replace(/</g,""&lt;"").replace(/\u00a0/g,"" "")},type:function(e){return Object.prototype.toString.call(e).slice(8,-1)},objId:function(e){return e.__id||Object.defineProperty(e,""__id"",{value:++n}),e.__id},clone:function e(t,n){var a,s;switch(n=n||{},r.util.type(t)){case""Object"":if(s=r.util.objId(t),n[s])return n[s];for(var i in a={},n[s]=a,t)t.hasOwnProperty(i)"
web/app/static/js/three.min.js,6,"!function(t,e){""object""==typeof exports&&""undefined""!=typeof module?e(exports):""function""==typeof define&&define.amd?define([""exports""],e):e((t=""undefined""!=typeof globalThis?globalThis:t||self).THREE={})}(this,(function(t){""use strict"";const e=""128"",n=100,i=300,r=301,s=302,a=303,o=304,l=306,c=307,h=1e3,u=1001,d=1002,p=1003,m=1004,f=1005,g=1006,v=1007,y=1008,x=1009,_=1012,w=1014,b=1015,M=1016,S=1020,T=1022,E=1023,A=1026,L=1027,R=33776,C=33777,P=33778,D=33779,I=35840,N=35841,B=35842,z=35843,F=37492,O=37496,H=2300,G=2301,U=2302,k=2400,V=2401,W=2402,j=2500,q=2501,X=3e3,Y=3001,Z=3007,J=3002,Q=3004,K=3005,$=3006,tt=7680,et=35044,nt=35048,it=""300 es"";class rt{addEventListener(t,e){void 0===this._listeners&&(this._listeners={});const n=this._listeners;void 0===n[t]&&(n[t]=[]),-1===n[t].indexOf(e)"
