path,line,route,methods
web/auth.py,247,/api/auth/register,"[""POST""]"
web/auth.py,279,/api/auth/login,"[""POST""]"
web/auth.py,300,/api/auth/logout,"[""POST""]"
web/auth.py,312,/api/auth/me,"[""GET""]"
web/auth.py,328,/api/auth/password,"[""POST""]"
web/routes/data_routes.py,208,/api/data/catalog,"[""GET""]"
web/routes/data_routes.py,225,/api/data/structures/<path:object_id>/classification,"[""PATCH""]"
web/routes/data_routes.py,268,/api/data/structures/classification,"[""PATCH""]"
web/routes/data_routes.py,313,/api/data/structures/traversability,"[""PATCH""]"
web/routes/data_routes.py,402,/api/data/generic-masks/classification,"[""PATCH""]"
web/routes/data_routes.py,452,/api/data/objects/batch-delete,"[""POST""]"
web/routes/data_routes.py,556,/api/data/objects/<path:object_id>,"[""DELETE""]"
web/routes/data_routes.py,576,/api/data/exports,"[""POST""]"
web/routes/data_routes.py,616,/api/data/exports/<job_id>,"[""GET""]"
web/routes/data_routes.py,631,/api/data/exports/<job_id>/cancel,"[""POST""]"
web/routes/data_routes.py,641,/api/data/exports/<job_id>/download,"[""GET""]"
web/routes/data_routes.py,655,/api/data/exports/<job_id>/files/<path:relative_path>,"[""GET""]"
web/routes/planning_routes.py,2955,/api/training/edit,"[""GET""]"
web/routes/planning_routes.py,2991,/api/training/restore_edit,"[""POST""]"
web/routes/planning_routes.py,3128,/api/planning/clear,"[""POST""]"
web/routes/planning_routes.py,3169,/api/planning/results,"[""GET""]"
web/routes/planning_routes.py,3409,/api/planning/runs,"[""GET""]"
web/routes/planning_routes.py,3474,/api/planning/runs/<planning_id>/activate,"[""POST""]"
web/routes/planning_routes.py,3508,/api/manual_planning/restore_algorithm_plan,"[""POST""]"
web/routes/planning_routes.py,3613,/api/planning/show_step,"[""POST""]"
web/routes/planning_routes.py,3665,/api/segmentation,"[""POST""]"
web/routes/planning_routes.py,4038,/api/ctv/models,"[""GET""]"
web/routes/planning_routes.py,4061,/api/ctv/models/validation,"[""POST""]"
web/routes/planning_routes.py,4097,/api/planning/run_step,"[""POST""]"
web/routes/planning_routes.py,4254,/api/planning/config,"[""GET""]"
web/routes/planning_routes.py,4326,/api/planning/dose_isosurface,"[""POST""]"
web/routes/planning_routes.py,4591,/api/planning/dose_overlay,"[""GET""]"
web/routes/planning_routes.py,4651,/api/planning/dose_overlay_volume,"[""GET""]"
web/routes/planning_routes.py,4716,/api/planning/dose_overlay_slice,"[""POST""]"
web/routes/planning_routes.py,4776,/api/planning/dose_contour_slice,"[""POST""]"
web/routes/planning_routes.py,4948,/api/config,"[""GET""]"
web/routes/planning_routes.py,4970,/api/device/status,"[""GET""]"
web/routes/planning_routes.py,4988,/api/config,"[""POST""]"
web/routes/planning_routes.py,5045,/api/ui/state,"[""GET"", ""POST""]"
web/routes/planning_routes.py,5162,/api/ui/capabilities,"[""GET""]"
web/routes/planning_routes.py,5233,/api/ui/event,"[""POST""]"
web/routes/planning_routes.py,5364,/api/training/start,"[""POST""]"
web/routes/planning_routes.py,5456,/api/training/status,"[""GET""]"
web/routes/planning_routes.py,5488,/api/training/stop,"[""POST""]"
web/routes/planning_routes.py,5628,/api/training/advice,"[""GET"", ""POST""]"
web/routes/planning_routes.py,5664,/api/training/timeline,"[""GET""]"
web/routes/planning_routes.py,5689,/api/readiness,"[""GET"", ""POST""]"
web/routes/planning_routes.py,5699,/api/manual_planning/update,"[""POST""]"
web/routes/planning_routes.py,5994,/api/manual_planning/update_geometry,"[""POST""]"
web/routes/planning_routes.py,6265,/api/manual_planning/delete_needle,"[""POST""]"
web/routes/planning_routes.py,6421,/api/manual_planning/update_seeds,"[""POST""]"
web/routes/planning_routes.py,6664,/api/manual_planning/restore_needle,"[""POST""]"
web/routes/planning_routes.py,6898,/api/healthz,"[""GET""]"
web/routes/planning_routes.py,6927,/api/status,"[""GET""]"
web/routes/planning_routes.py,7031,/api/plan/preoperative,"[""POST""]"
web/routes/planning_routes.py,7129,/api/plan/intraoperative,"[""POST""]"
web/routes/planning_routes.py,7198,/api/chat/abort,"[""POST""]"
web/routes/planning_routes.py,7284,/api/clear_all,"[""POST""]"
web/routes/planning_routes.py,7305,/api/export/dicom_rt,"[""POST""]"
web/routes/planning_routes.py,7306,/api/export/dicom,"[""POST""]"
web/routes/planning_routes.py,7440,/api/export/stl,"[""POST""]"
web/routes/planning_routes.py,7590,/api/chat/context,"[""GET""]"
web/routes/planning_routes.py,7605,/api/chat/context/compress,"[""POST""]"
web/routes/planning_routes.py,7655,/api/chat,"[""POST""]"
web/routes/planning_routes.py,8165,/api/chat/task,"[""GET""]"
web/routes/planning_routes.py,8208,/api/chat/tasks/<task_id>/stream,"[""GET""]"
web/routes/planning_routes.py,8249,/api/tasks/stream,"[""GET""]"
web/routes/planning_routes.py,8294,/api/tasks/<task_id>,"[""GET""]"
web/routes/planning_routes.py,8304,/api/tasks,"[""GET""]"
web/routes/planning_routes.py,8311,/api/export/report,"[""POST""]"
web/routes/planning_routes.py,8398,/api/viewer/control,"[""POST""]"
web/routes/planning_routes.py,8488,/api/screenshot,"[""POST""]"
web/routes/planning_routes.py,8791,/api/screenshot/annotation,"[""POST""]"
web/routes/planning_routes.py,8992,/api/sessions/<session_id>/screenshots/<filename>,"[""GET""]"
web/routes/planning_routes.py,9016,/api/screenshots/<filename>,"[""GET""]"
web/routes/session_routes.py,89,/api/sessions,"[""GET""]"
web/routes/session_routes.py,121,/api/sessions,"[""POST""]"
web/routes/session_routes.py,166,/api/sessions/<session_id>,"[""PATCH""]"
web/routes/session_routes.py,182,/api/sessions/<session_id>/select,"[""POST""]"
web/routes/session_routes.py,209,/api/sessions/<session_id>/activate,"[""POST""]"
web/routes/session_routes.py,235,/api/sessions/<session_id>/archive,"[""POST""]"
web/routes/session_routes.py,268,/api/sessions/<session_id>,"[""DELETE""]"
web/routes/session_routes.py,299,/api/sessions/trash,"[""GET""]"
web/routes/session_routes.py,308,/api/sessions/<session_id>/restore,"[""POST""]"
web/routes/session_routes.py,320,/api/sessions/<session_id>/purge,"[""DELETE""]"
web/routes/session_routes.py,344,/api/sessions/<session_id>/artifacts/<path:artifact_path>,"[""GET""]"
web/routes/session_routes.py,361,/api/workspace/artifacts,"[""POST""]"
web/routes/session_routes.py,391,/api/workspace/snapshot,"[""GET""]"
web/routes/session_routes.py,414,/api/workspace/state,"[""POST""]"
web/routes/session_routes.py,492,/api/workspace/checkpoint,"[""POST""]"
web/routes/session_routes.py,520,/api/workspace/lease,"[""POST"", ""DELETE""]"
web/routes/session_routes.py,547,/api/workspace/audit,"[""GET""]"
web/routes/session_routes.py,561,/api/workspace/review/comments,"[""GET"", ""POST""]"
web/routes/session_routes.py,581,/api/workspace/review/comments/<int:comment_id>,"[""PATCH""]"
web/routes/session_routes.py,601,/api/workspace/import-client,"[""POST""]"
web/routes/surgical_guide_routes.py,204,/api/surgical-guides,"[""GET""]"
web/routes/surgical_guide_routes.py,219,/api/surgical-guides/mesh,"[""GET""]"
web/routes/surgical_guide_routes.py,240,/api/surgical-guides/generate,"[""POST""]"
web/routes/surgical_guide_routes.py,300,/api/surgical-guides/export,"[""POST""]"
web/routes/surgical_guide_routes.py,355,/api/surgical-guides/validate,"[""POST""]"
web/routes/viewer_routes.py,597,/api/viewer/load,"[""POST""]"
web/routes/viewer_routes.py,851,/api/viewer/slice,"[""POST""]"
web/routes/viewer_routes.py,988,/api/viewer/volume,"[""GET""]"
web/routes/viewer_routes.py,1036,/api/viewer/label_volume,"[""GET""]"
web/routes/viewer_routes.py,1378,/api/viewer/generic_masks,"[""GET""]"
web/routes/viewer_routes.py,1403,/api/viewer/generic_mask_volume,"[""GET""]"
web/routes/viewer_routes.py,1486,/api/viewer/overlay,"[""POST""]"
web/routes/viewer_routes.py,1618,/api/viewer/organs,"[""GET""]"
web/routes/viewer_routes.py,1814,/api/viewer/threshold,"[""POST""]"
web/routes/viewer_routes.py,1871,/api/viewer/hu,"[""POST""]"
web/routes/viewer_routes.py,1955,/api/viewer/3d,"[""POST""]"
web/routes/viewer_routes.py,2081,/api/viewer/3d_mask,"[""POST""]"
web/routes/viewer_routes.py,2435,/api/viewer/skin_surface_volume,"[""GET""]"
web/routes/viewer_routes.py,2485,/api/viewer/3d_skin,"[""POST""]"
web/routes/viewer_routes.py,2691,/api/planning/seeds_3d,"[""GET""]"
web/server.py,1296,/,"[""GET""]"
web/server.py,1304,/api/upload,"[""POST""]"
web/server.py,1446,/api/import/dicom_rt,"[""GET"", ""POST""]"
web/server.py,1503,/api/viewer/image,"[""GET""]"
web/server.py,1748,/api/header/info,"[""POST""]"
web/server.py,1934,/api/report/auto-fill,"[""POST""]"
web/server.py,2257,/api/reset,"[""POST""]"
